Submission id,Participant id,Status,Custom study tncs accepted at,Started at,Completed at,Reviewed at,Archived at,Time taken,Completion code,Total approvals,Fluent languages,Age,Sex,Ethnicity simplified,Country of birth,Country of residence,Nationality,Language,Student status,Employment status
cd4252b8429a4c550f178bb75216624ffb8950086ee2f92f0720c863757aaebc,a8fba4fdd5fefa1eb48d270c5e18665673f80d2fb1c5bc7aa689f57b2832e8dc,RETURNED,Not Applicable,2024-02-20T09:50:02.866000Z,,,2024-05-06T13:45:00.737855Z,,,49,CONSENT_REVOKED,CONSENT_REVOKED,CONSENT_REVOKED,CONSENT_REVOKED,CONSENT_REVOKED,CONSENT_REVOKED,CONSENT_REVOKED,CONSENT_REVOKED,CONSENT_REVOKED,CONSENT_REVOKED
bf5253a09963d63d4291e42e25b4d74f6c1c02d2aab7ea2d98840898633b192b,624d87cfe6bdff50c59346f1a4f2c5e7aeeab90cc73855577ac800022555f1a5,RETURNED,Not Applicable,2024-02-20T09:55:02.836000Z,,,2024-05-06T13:45:00.756541Z,,,217,CONSENT_REVOKED,CONSENT_REVOKED,CONSENT_REVOKED,CONSENT_REVOKED,CONSENT_REVOKED,CONSENT_REVOKED,CONSENT_REVOKED,CONSENT_REVOKED,CONSENT_REVOKED,CONSENT_REVOKED
4288ac26d6efb29a6a92ce40001f8f9268f532e326e1bd92b2450196f0167dc0,bfac7aca3e66c7ae92787666f6402e72bb31f0f5dc0665f42c3e12e50b701eb0,APPROVED,Not Applicable,2024-02-20T10:01:24.698000Z,2024-02-20T10:36:11.848000Z,2024-02-20T10:36:12.442000Z,2024-02-20T10:36:12.362112Z,2088.0,CJNL5D58,167,"English, German",30,Male,White,Germany,Germany,Germany,German,No,Full-Time
d81326ef55cffffeae68b1d1d63d282618bfe006fab887287d92c85840c89740,53fc0c72a1af8d57c8ce971f36510e30594a2abc0594cf8daa162e58d939c530,TIMED-OUT,Not Applicable,2024-02-20T10:06:21.702000Z,,,2024-05-06T13:45:00.755398Z,6579520.0,,3,"English, German, Vietnamese",22,Male,Asian,United Kingdom,Germany,Vietnam,English,No,Full-Time
305e1bbf3a1a8558f55594083a7f51c393a9bb0816df2a39c85a26e1e58c6979,86fb0337b5265be6eb49d0c18bb92373dd6fec9a7cf9a908b4f8f0ceef490158,APPROVED,Not Applicable,2024-02-20T10:00:15.081000Z,2024-02-20T10:52:38.476000Z,2024-02-20T10:52:39.085000Z,2024-02-20T10:52:39.019798Z,3144.0,CJNL5D58,3,"English, German",58,Male,White,Turkey,Germany,Turkey,Turkish,No,Unemployed (and job seeking)
36cdd6dd11757800954cbbeaa8534ad57437cc8e5e7499faf9948bd47d4423e7,582916f49b9bb16517f96a8aab4fdf76305c8701e8dac4fc3ef0f33f1b722d51,APPROVED,Not Applicable,2024-02-20T10:07:15.677000Z,2024-02-20T10:28:02.579000Z,2024-02-20T10:28:03.216000Z,2024-02-20T10:28:03.130131Z,1247.0,CJNL5D58,130,German,23,Male,White,Germany,Germany,Germany,German,Yes,Part-Time
575b047d3cbf59bf899dc1cd21f4f31b620301cc53e0c3c2aceeeaf8c3d51347,8e1f4a97685491e7baf68366ebda2a194cfa3f308074ab28e8d17b1f4bb03877,APPROVED,Not Applicable,2024-02-20T10:07:37.330000Z,2024-02-20T10:29:52.300000Z,2024-02-20T10:29:52.766000Z,2024-02-20T10:29:52.702535Z,1335.0,CJNL5D58,4,"English, German, Spanish, Turkish",23,Male,Other,Turkey,Germany,Turkey,Turkish,Yes,Part-Time
64e1c087e3ff5838211ac7133ac41542d4a207563828e4f4166c43850e7bb285,36b77c4fb4ba1eb6797a91dca52f4187710fc24f2b3cada6898850ea715d0d63,RETURNED,Not Applicable,2024-02-20T10:07:48.565000Z,,,2024-05-06T13:45:00.784652Z,,,96,CONSENT_REVOKED,CONSENT_REVOKED,CONSENT_REVOKED,CONSENT_REVOKED,CONSENT_REVOKED,CONSENT_REVOKED,CONSENT_REVOKED,CONSENT_REVOKED,CONSENT_REVOKED,CONSENT_REVOKED
dbb84aee29c57442bf6d47945484ce84a2abdaffc7b603a8d1329fdd6fb99e2a,797b5f5d9e0fad927c8def295ca6d3621c54671ba8804da9510a48414fe28eaf,APPROVED,Not Applicable,2024-02-20T10:09:01.347000Z,2024-02-20T10:41:40.213000Z,2024-02-20T10:41:40.721000Z,2024-02-20T10:41:40.653047Z,1959.0,CJNL5D58,861,"English, German",43,Male,White,Germany,Germany,Germany,German,No,Full-Time
0c84f367a1b3c384fcd8ff83c13d6b43bb609cd45a672586c7fe091edbfc0683,58c33f1a975e5cc179dc9d45629682b8bae431e2c4ab2b004e4371739a1dbdc2,APPROVED,Not Applicable,2024-02-20T10:09:47.396000Z,2024-02-20T10:45:59.213000Z,2024-02-20T10:45:59.762000Z,2024-02-20T10:45:59.699418Z,2172.0,CJNL5D58,26,"German, English",37,Male,White,Germany,Germany,Germany,German,Yes,Unemployed (and job seeking)
1e147f57d84497f9198c08c9ea519394236a8fc340fc39075a1b3e40a2a41005,0592f288d7a12f7b2dc9e251ffb8a2933aafe8df0e032aa92ff4294717e1463b,APPROVED,Not Applicable,2024-02-20T10:10:27.094000Z,2024-02-20T10:41:53.241000Z,2024-02-20T10:41:53.885000Z,2024-02-20T10:41:53.804968Z,1887.0,CJNL5D58,148,"English, German",46,Male,White,Germany,Germany,Germany,German,No,Full-Time
db77e883bd84cd4cd0c86a1fd0d897c2b0d05351f3f2fc71580ac0c2d7c33369,b8c89c2e1aaaf1616f8159d6fbf907976b09a0eef5a724aaf2ab0da7a37245cf,APPROVED,Not Applicable,2024-02-20T10:10:54.861000Z,2024-02-20T10:49:57.910000Z,2024-02-20T10:49:58.525000Z,2024-02-20T10:49:58.421558Z,2344.0,CJNL5D58,448,"English, German, Hindi, Other",29,Male,Asian,India,Germany,India,Hindi,DATA_EXPIRED,Full-Time
5f9023b91f5c1dca3d2b30990dcab4ce3e2d9c1c6a1ce1da86a92c854a7fdcb3,a05a26164d711400e813f8f7171633a3509be4488d7c5ce62e8bcc5d0fde93b6,APPROVED,Not Applicable,2024-02-20T10:12:36.500000Z,2024-02-20T10:39:26.870000Z,2024-02-20T10:39:27.668000Z,2024-02-20T10:39:27.614662Z,1611.0,CJNL5D58,888,"English, German",47,Male,White,Germany,Germany,Germany,German,No,Full-Time
0a610a26a9ac0f2905ba6214e349746d8738224ab7c14562c61524e53bc54d27,7fca9f6261fbb9fb6a927d6c0f40f2f336709c0d256062983aa638327db39c63,APPROVED,Not Applicable,2024-02-20T11:45:09.502000Z,2024-02-20T12:19:43.642000Z,2024-02-20T12:19:44.490000Z,2024-02-20T12:19:44.429063Z,2075.0,CJNL5D58,2529,"English, German",32,Male,White,Russian Federation,Germany,Germany,German,No,Full-Time
8e75b022f522c128520b7b15a9ebfa462461fa0a711b9fd7c81580dc0b4fcca5,74a68139f47c12e308707879cc04ea66490e6065b8dfe8b66779afec5325d63d,APPROVED,Not Applicable,2024-02-28T16:08:24.118000Z,2024-02-28T16:51:33.114000Z,2024-02-28T16:51:33.786000Z,2024-02-28T16:51:33.711105Z,2589.0,CJNL5D58,146,"English, German",26,Male,White,Germany,Germany,Germany,German,Yes,Full-Time
fc1023f2678d86764f17f88ddfc8c1347609170a63ec5a7798aa13ba7dcb8a40,1de7a7450bc32bdb007c7032d7b81a0578fbd72494729cd43b38b202c58ae5e5,APPROVED,Not Applicable,2024-02-28T16:08:21.278000Z,2024-02-28T16:43:07.913000Z,2024-02-28T16:43:08.432000Z,2024-02-28T16:43:08.358750Z,2087.0,CJNL5D58,127,"English, French, German",45,Male,White,Ukraine,Germany,Germany,English,No,Full-Time
2109fc86654a0fe4f55aec916766a531a8f9fca149e2b6360543246e7a032321,58ace900831519267e12577a412c4900e0039b091b33b1eba27e4d71adf0c844,RETURNED,Not Applicable,2024-02-28T16:08:25.345000Z,,,2024-05-06T13:45:00.768548Z,,,123,CONSENT_REVOKED,CONSENT_REVOKED,CONSENT_REVOKED,CONSENT_REVOKED,CONSENT_REVOKED,CONSENT_REVOKED,CONSENT_REVOKED,CONSENT_REVOKED,CONSENT_REVOKED,CONSENT_REVOKED
73dbe0eb02441fdc0db42c4d29fd91ea76cb2dcd9b016da1d13f4eda23fbe7b0,c747b138ef0b6919246f7ea37e89ec024083f74326b2ba232205d1c6b4304c51,RETURNED,Not Applicable,2024-02-28T16:08:31.323000Z,,,2024-05-06T13:45:00.780427Z,,,1461,CONSENT_REVOKED,CONSENT_REVOKED,CONSENT_REVOKED,CONSENT_REVOKED,CONSENT_REVOKED,CONSENT_REVOKED,CONSENT_REVOKED,CONSENT_REVOKED,CONSENT_REVOKED,CONSENT_REVOKED
afc497b91e475a0e5324e731026a7b58b21e77e96a34f028e3069a8a8c257ec5,40889123aede55f7b53e4bfb2a46fe17895930e0a57a3cf979d5cc2cca233d40,APPROVED,Not Applicable,2024-02-28T16:08:34.491000Z,2024-02-28T16:31:19.922000Z,2024-02-28T16:31:20.514000Z,2024-02-28T16:31:20.433162Z,1366.0,CJNL5D58,50,"English, German, Indonesian",39,Male,Asian,Indonesia,Germany,Indonesia,Indonesian,Yes,Full-Time
c094adb4bce799fc45195b60a4fe941de1c32d787f1c704f1b9844fdf361c23b,d45a20bd7dd91e466b16ce114b51bf00ed575383bf701fe33d6d705e280f9b1d,APPROVED,Not Applicable,2024-02-28T16:09:18.752000Z,2024-02-28T16:34:04.389000Z,2024-02-28T16:34:05.280000Z,2024-02-28T16:34:05.159281Z,1486.0,CJNL5D58,122,"English, German",24,Female,White,Germany,Germany,Germany,German,No,Unemployed (and job seeking)
87db2cfc0ad76ac2f5b1a7284c039f9af66b9bd686c8599768fbe37f6f97a28c,08709a40ec1870f88bf9c5ac9e79158af3d0a023a622d241eb111f8b1c87aba1,APPROVED,Not Applicable,2024-02-28T16:08:40.492000Z,2024-02-28T16:33:51.429000Z,2024-02-28T16:33:52.078000Z,2024-02-28T16:33:51.932904Z,1511.0,CJNL5D58,190,"Chinese, English, German",26,Female,Asian,China,Germany,China,Chinese,Yes,DATA_EXPIRED
c122a5ba680168be776af1a51f92b2db3e92b7b699739f193b3c25e60e7cc2ce,59994ec69b61ffdb4c4d881a3d7b15d65bdd82d89b5a78a529efb89ba85ebe8a,APPROVED,Not Applicable,2024-02-28T16:08:43.564000Z,2024-02-28T16:57:26.037000Z,2024-02-28T16:57:26.638000Z,2024-02-28T16:57:26.572514Z,2923.0,CJNL5D58,145,"German, English",23,Male,White,Germany,Germany,Germany,German,No,Unemployed (and job seeking)
8a4bc15db3ebc4e696eff075cfd62634f3b75367acae2e4efab39e93041604b3,1773928d64c86ff64d4610e62c96a8cce54e7dd00b8b68656de16848766d5aaa,APPROVED,Not Applicable,2024-02-28T16:08:44.743000Z,2024-02-28T16:33:19.575000Z,2024-02-28T16:33:20.387000Z,2024-02-28T16:33:20.306111Z,1475.0,CJNL5D58,1767,"English, German",41,Male,White,Germany,Germany,Germany,German,No,Full-Time
6028fdafbdcbce1c5c302cd77460411b44ac45ae17d87f0630c4668166725ea0,96e2a51cad3421005f6f51e9c37dcc859bd257b5ac88ff30d2fc2478755f9839,APPROVED,Not Applicable,2024-02-28T16:09:20.120000Z,2024-02-28T16:42:12.967000Z,2024-02-28T16:42:13.658000Z,2024-02-28T16:42:13.611108Z,1973.0,CJNL5D58,23,"German, English",22,Female,White,Germany,Germany,Germany,German,Yes,DATA_EXPIRED
8d67bd6e5bee4e64d88e1aa04e57ea2c58584383d3f902e16d14f399cdbd0ce2,66ab847648c84da26f69f4f5b2f7373a2ae87dc487a63e37e75b216421c751c4,APPROVED,Not Applicable,2024-02-28T16:08:50.821000Z,2024-02-28T16:44:16.934000Z,2024-02-28T16:44:17.543000Z,2024-02-28T16:44:17.494523Z,2127.0,CJNL5D58,21,"German, English",25,Male,White,Germany,Germany,Germany,German,Yes,Due to start a new job within the next month
371a835f115b937084ba32cba927de4a3cf4111d92e901b7ee2df7bb7dbb9a80,a09dfbc03132355912b3fcc818aeb293c43579fbc66379f1cac657b25a616d48,APPROVED,Not Applicable,2024-02-28T16:10:12.944000Z,2024-02-28T16:48:16.065000Z,2024-02-28T16:48:16.653000Z,2024-02-28T16:48:16.543689Z,2284.0,CJNL5D58,1340,"English, German",37,Male,White,Germany,Germany,Germany,German,No,DATA_EXPIRED
f8b724098512e9e2de934edebad6b503361ad97cf1e0f1c8183407c6e853a6e2,46861bf8e9008ca1313b0bbc49bb3bf3ca7c1db63be4e9ef0b44f146947231df,APPROVED,Not Applicable,2024-02-28T16:08:54.336000Z,2024-02-28T16:38:20.211000Z,2024-02-28T16:38:20.875000Z,2024-02-28T16:38:20.761000Z,1766.0,CJNL5D58,285,"German, English",26,Male,White,Germany,Germany,Germany,German,Yes,Other
0dcf847422dab609512805a3e9a38a7a343fdbdf34f6a9d161ed6d50f7dd565f,b13bbac8b086f98cd9ed9c97d9e7a2fc9091563bfba9aa78026a0c446ff4e92b,APPROVED,Not Applicable,2024-02-28T16:08:58.240000Z,2024-02-28T16:34:13.539000Z,2024-02-28T16:34:15.899000Z,2024-02-28T16:34:18.199999Z,1516.0,CJNL5D58,107,"German, English",33,Male,White,Germany,Germany,Germany,German,No,DATA_EXPIRED
68e5a9452120e798b6d25ed9c22e4f7aa1dc06da16be1c91e1a2942181c15a4c,3a19371d7f48d925c63d2ea75921313996cef29b8e30ba7a3e47ea8a7d9801a8,APPROVED,Not Applicable,2024-02-28T16:08:59.686000Z,2024-02-28T16:48:43.764000Z,2024-02-28T16:48:44.576000Z,2024-02-28T16:48:44.491027Z,2385.0,CJNL5D58,155,"German, English",37,Male,White,Austria,Germany,Austria,German,No,DATA_EXPIRED
f8a38c4f2d6e4a29f6081928d512375c2bbf7876f82e1589553f9bcde5656402,56a74a9c9ca121ccf8ec0d68cd4613e057fb3fff6e223d64eb3f0a08f1c26fa3,APPROVED,Not Applicable,2024-02-28T16:09:07.486000Z,2024-02-28T16:50:25.552000Z,2024-02-28T16:50:26.249000Z,2024-02-28T16:50:26.148174Z,2479.0,CJNL5D58,215,"English, German, Russian",22,Male,White,Russian Federation,Germany,Germany,German,Yes,Full-Time
116ace06d8965112dcd3011f02f0615a7e5f4cf51e3ff557a3b37a6b9b47ce17,40a4bcaa253b49cb79d293f5903a2a5b053a9175955858357a50b5d43a44ff0d,APPROVED,Not Applicable,2024-02-28T16:09:20.820000Z,2024-02-28T16:38:21.800000Z,2024-02-28T16:38:24.899000Z,2024-02-28T16:38:22.222652Z,1741.0,CJNL5D58,931,"English, German",46,Male,White,Germany,Germany,Germany,German,No,Part-Time
4b750bb69d9053dd5bae52a3662c177c087e4db658b618c0f93a2efd64383a1c,037c91c6e90791a38030e00dd46d278f66d627a3c2ee3d23732599ec3121c4da,APPROVED,Not Applicable,2024-02-28T16:09:29.536000Z,2024-02-28T16:46:09.352000Z,2024-02-28T16:46:10.137000Z,2024-02-28T16:46:10.005592Z,2200.0,CJNL5D58,4,"English, French, German",21,Male,White,Germany,Germany,Germany,German,Yes,Unemployed (and job seeking)
0e19afd67b86a58a94bdc87fe7641f083908d64e572a158726ef9bd9fe76d3a6,aa4c528878963e5786a51767a3c777331fb20deb0d7315089de1c5801dd0c957,APPROVED,Not Applicable,2024-02-28T16:09:16.482000Z,2024-02-28T16:36:27.134000Z,2024-02-28T16:36:27.777000Z,2024-02-28T16:36:27.683653Z,1631.0,CJNL5D58,423,"English, French, German",38,Male,Mixed,Germany,Germany,Germany,German,No,Full-Time
aa41876dec2a0b1a18facaffaf59d67e765f45abf962ed241a659587657a862f,ad82a184ff7819e1ca79d326d3a1e44b81a2117435689e9c6ff977c4515d19ee,RETURNED,Not Applicable,2024-02-28T16:09:13.385000Z,,,2024-05-06T13:45:00.801962Z,,,2319,CONSENT_REVOKED,CONSENT_REVOKED,CONSENT_REVOKED,CONSENT_REVOKED,CONSENT_REVOKED,CONSENT_REVOKED,CONSENT_REVOKED,CONSENT_REVOKED,CONSENT_REVOKED,CONSENT_REVOKED
e70100a32e1792fe82d823f21243718a31a94c130544c2c35d89445217454451,ca729f9843a69140387d5054360a70903ac203067e2f70f7d2c77eaabfce01eb,APPROVED,Not Applicable,2024-02-28T16:09:16.489000Z,2024-02-28T16:31:59.186000Z,2024-02-28T16:32:00.405000Z,2024-02-28T16:32:00.299053Z,1363.0,CJNL5D58,407,"German, English",33,Female,Mixed,Germany,Germany,Germany,German,No,Full-Time
aa36604a8b1c2dc2c9379e22033ecfbc28d1fc46d13fdb839a289598af8db1fe,a59c37eeb37384b5d7e998cedef6041afc00a5089bc8a2568d502f70778142f4,RETURNED,Not Applicable,2024-02-28T16:09:19.403000Z,,,2024-05-06T13:45:00.806845Z,,,182,CONSENT_REVOKED,CONSENT_REVOKED,CONSENT_REVOKED,CONSENT_REVOKED,CONSENT_REVOKED,CONSENT_REVOKED,CONSENT_REVOKED,CONSENT_REVOKED,CONSENT_REVOKED,CONSENT_REVOKED
2df9dc2b0ab9501d9bc3b9b48b2c8c0c4738e1fcd3c408ff97b052e50e3cf62c,16fe29ddf614f7b02b3be2a11d04547558cc8b485aec3d1b25263dc560dece68,APPROVED,Not Applicable,2024-02-28T16:11:19.173000Z,2024-02-28T17:05:58.440000Z,2024-02-28T17:05:58.951000Z,2024-02-28T17:05:58.881242Z,3280.0,CJNL5D58,134,"Bengali, English, German, Hindi",38,Male,Asian,Bangladesh,Germany,Bangladesh,English,No,Full-Time
0582a85d11e084a2624219297c67fb77445d6b0e29548998cb80b3d4e473dcaa,e3c0d96a77ccca50261360187077b0a6b756a9a62e587f6805467c9bc69187a4,APPROVED,Not Applicable,2024-02-28T16:12:30.195000Z,2024-02-28T16:43:04.714000Z,2024-02-28T16:43:05.389000Z,2024-02-28T16:43:05.320995Z,1835.0,CJNL5D58,382,"English, German",22,Male,White,Germany,Germany,Germany,German,Yes,Other
81893a2f4673705c5999d84d73e5590a80f9c0ee5ae069aeb7e24882b1f4cb2e,3d8bd1c0ebfdbe2832021be9242f786c9b61810ac0129e0af9792335f81a6127,RETURNED,Not Applicable,2024-02-28T16:09:43.464000Z,,,2024-05-06T13:45:00.848832Z,,,120,CONSENT_REVOKED,CONSENT_REVOKED,CONSENT_REVOKED,CONSENT_REVOKED,CONSENT_REVOKED,CONSENT_REVOKED,CONSENT_REVOKED,CONSENT_REVOKED,CONSENT_REVOKED,CONSENT_REVOKED
f38db1a536225a157a1f9631fece2ec22ce25652c8ae6e481b2cb3cb8ff9a338,f51724537240a3a98e37559dae17cbced862cde73d9ae16721c709756ba460d0,RETURNED,Not Applicable,2024-02-28T16:09:29.932000Z,,,2024-05-06T13:45:00.844341Z,,,209,CONSENT_REVOKED,CONSENT_REVOKED,CONSENT_REVOKED,CONSENT_REVOKED,CONSENT_REVOKED,CONSENT_REVOKED,CONSENT_REVOKED,CONSENT_REVOKED,CONSENT_REVOKED,CONSENT_REVOKED
3f8f87361bbde372aa97ff7e24721407bb6bcfb310f8e1546fc43e654ba2bf99,4df0175c569d82460667274f39b1f929fd0c23741a5fd05c618b6d5f96339de3,APPROVED,Not Applicable,2024-02-28T16:09:56.112000Z,2024-02-28T16:43:33.176000Z,2024-02-28T16:43:33.920000Z,2024-02-28T16:43:33.844652Z,2018.0,CJNL5D58,177,"Arabic, English, French, German",28,Female,Other,Tunisia,Germany,Tunisia,Arabic,No,Full-Time
b9b3661c0e52e6c574e685c437c0d0b7a710960d4ee61df59abd2ae47bf02809,9e55d41fb03e4440816a4219814f1b5b0d6c6e689556bfced84304f8be41d5b5,RETURNED,Not Applicable,2024-02-28T16:09:32.127000Z,,,2024-05-06T13:45:00.890284Z,,,1491,CONSENT_REVOKED,CONSENT_REVOKED,CONSENT_REVOKED,CONSENT_REVOKED,CONSENT_REVOKED,CONSENT_REVOKED,CONSENT_REVOKED,CONSENT_REVOKED,CONSENT_REVOKED,CONSENT_REVOKED
ca815ed4002afda4efcf2dbda6591e56a96d79497394d44462168f6e9b36fe91,d58a9defe81dcd307fc24ef66748d95e95438ada58d3f92284b19cafc4c10768,APPROVED,Not Applicable,2024-02-28T16:09:44.215000Z,2024-02-28T16:42:12.431000Z,2024-02-28T16:42:13.065000Z,2024-02-28T16:42:12.958042Z,1949.0,CJNL5D58,2233,"English, German, Spanish",31,Female,White,Germany,Germany,Germany,German,No,Full-Time
ef3d7de19fdcc87a9ed065a5ac380ffd4c8e37f2d12abb1836d2cb845faec9ab,d4a92db6cf3c352280eea24d029ac9d11ea2822adbf30a2d06d14d69dc5c5c9f,RETURNED,Not Applicable,2024-02-28T16:09:37.820000Z,,,2024-05-06T13:45:00.868581Z,,,104,CONSENT_REVOKED,CONSENT_REVOKED,CONSENT_REVOKED,CONSENT_REVOKED,CONSENT_REVOKED,CONSENT_REVOKED,CONSENT_REVOKED,CONSENT_REVOKED,CONSENT_REVOKED,CONSENT_REVOKED
42004f9996e9c41bfd72fa786ce4de0c8ddacce1bd21a44ef23c4a614dc831ef,a5987cab806cfd7edbe82b14fe13be754c65308b166a1ff6f1140fe09ea5cc3b,APPROVED,Not Applicable,2024-02-28T16:10:10.477000Z,2024-02-28T16:37:19.845000Z,2024-02-28T16:37:20.577000Z,2024-02-28T16:37:20.468521Z,1630.0,CJNL5D58,47,"English, German",25,Male,White,Germany,Germany,Germany,German,Yes,Part-Time
25733c46cb9d2dc0102274050dce17ea105874e349b7ab6631ec082ddb73d6ac,9bd7e5439a837ab78bc613d24924828c14edea19f47a1fcede96deced848c276,RETURNED,Not Applicable,2024-02-28T16:09:38.370000Z,,,2024-05-06T13:45:00.927697Z,,,1295,CONSENT_REVOKED,CONSENT_REVOKED,CONSENT_REVOKED,CONSENT_REVOKED,CONSENT_REVOKED,CONSENT_REVOKED,CONSENT_REVOKED,CONSENT_REVOKED,CONSENT_REVOKED,CONSENT_REVOKED
b6ce7d4a7f9db9958cfcec5f7cb7e817d89bf1d10263db81c3d89e7c2fa5ae80,7573509e0eb49185e024e1bd1fe58b5d617d6d8beab789631d9b92e4df5d2359,APPROVED,Not Applicable,2024-02-28T16:09:40.113000Z,2024-02-28T16:30:08.555000Z,2024-02-28T16:30:12.053000Z,2024-02-28T16:30:09.308183Z,1229.0,CJNL5D58,39,"English, German",22,Male,Mixed,Germany,Germany,Germany,German,Yes,Other
60dbd4704d4c2b776fa2d1f4f009b1108dd91f7fcee15db95dee2cbd44bf8a8a,7edfe728828a4ec7cc6bd5f2fe9529b20bd02f5b08c3a0c99cc16d7c0c93c6b8,RETURNED,Not Applicable,2024-02-28T16:09:42.166000Z,,,2024-05-06T13:45:00.964896Z,,,1729,CONSENT_REVOKED,CONSENT_REVOKED,CONSENT_REVOKED,CONSENT_REVOKED,CONSENT_REVOKED,CONSENT_REVOKED,CONSENT_REVOKED,CONSENT_REVOKED,CONSENT_REVOKED,CONSENT_REVOKED
f8a2ee0e95448fbef96e82416bfe3ffc247af0a521ce8f066a1d181b0b8f23e9,9bb429e6cac06e745987d7b8b9eed03d1e612172a6bf3d661ba97c4a2b0a075c,RETURNED,Not Applicable,2024-02-28T16:09:43.889000Z,,,2024-05-06T13:45:00.948141Z,,,1460,CONSENT_REVOKED,CONSENT_REVOKED,CONSENT_REVOKED,CONSENT_REVOKED,CONSENT_REVOKED,CONSENT_REVOKED,CONSENT_REVOKED,CONSENT_REVOKED,CONSENT_REVOKED,CONSENT_REVOKED
8529e70d75766de4989a9fd79905f6bf3f5bc2eb347dde572d998976fa33961c,6af2e86c08c2d3af5441709ab09f9efa13bfeeb0b3f61003037575c6029604da,RETURNED,Not Applicable,2024-02-28T16:12:16.074000Z,,,2024-05-06T13:45:00.993967Z,,,301,CONSENT_REVOKED,CONSENT_REVOKED,CONSENT_REVOKED,CONSENT_REVOKED,CONSENT_REVOKED,CONSENT_REVOKED,CONSENT_REVOKED,CONSENT_REVOKED,CONSENT_REVOKED,CONSENT_REVOKED
5b592f27b80fea07d225cb9b3534ea530b63d56acc8fc93c1076f054ea6fb580,1ca04e1bce1da79bb3e1696b7ee794a6379ff826a1aae52a86af96876b957de4,RETURNED,Not Applicable,2024-02-28T16:09:46.688000Z,,,2024-05-06T13:45:00.999222Z,,,878,CONSENT_REVOKED,CONSENT_REVOKED,CONSENT_REVOKED,CONSENT_REVOKED,CONSENT_REVOKED,CONSENT_REVOKED,CONSENT_REVOKED,CONSENT_REVOKED,CONSENT_REVOKED,CONSENT_REVOKED
5698d95ab32590f1c7365d180c031f0bb01c76bd3a10a57782f50d15d9490a31,e043fed121563197ce6bba1db36f047bf408adc94be55b71d34c5c308611d20e,APPROVED,Not Applicable,2024-02-28T16:09:46.185000Z,2024-02-28T16:37:15.127000Z,2024-02-28T16:37:15.747000Z,2024-02-28T16:37:15.660282Z,1649.0,CJNL5D58,844,"English, German",34,Male,White,Germany,Germany,Germany,German,No,Full-Time
595ad53d7e71fb6a4a1adfdb1fa1311c0536a8eed8cba9e89c41e281fbc54c39,6fe4fab93b2e96cc1060ddf173f8e338a33e2c99471c3c424c848f6305d30184,APPROVED,Not Applicable,2024-02-28T16:10:09.297000Z,2024-02-28T16:35:13.733000Z,2024-02-28T16:35:14.430000Z,2024-02-28T16:35:14.339175Z,1505.0,CJNL5D58,81,"German, English",23,Male,White,Germany,Germany,Germany,German,Yes,Unemployed (and job seeking)
79b22d69055ad074eebb8bc7657444f3204fb3ec8408092a796e2f71ad1fd20a,880046c97deb93858825a6fe40f1a6ca4a41141c08b9f0c04573fd8ded7ce4fd,APPROVED,Not Applicable,2024-02-28T16:11:06.170000Z,2024-02-28T16:43:33.563000Z,2024-02-28T16:43:39.315000Z,2024-02-28T16:43:34.214333Z,1948.0,CJNL5D58,1624,"English, German",32,Male,White,Germany,Germany,Germany,German,No,Part-Time
f526155440077f144c5900ef69ce5f79440beb0bbf32091ad9e0500aa8bf6d48,93773a5f52b11d5de9227c2fbba6b03357dcdc8dad15e52392d62419e8687662,APPROVED,Not Applicable,2024-02-28T16:09:48.525000Z,2024-02-28T16:55:01.751000Z,2024-02-28T16:55:02.351000Z,2024-02-28T16:55:02.602441Z,2714.0,CJNL5D58,206,"English, German",31,Male,White,Germany,Germany,Germany,German,Yes,Part-Time
61c9fd52b52f7226e5c49347d57e6c730c3d1ef5831cfef3eaf117a0b975df13,ae61f143fcb4a5a1c8084915da8a6954b4e391c8373428627083e6a88f59c29f,APPROVED,Not Applicable,2024-02-28T16:09:50.856000Z,2024-02-28T16:48:36.330000Z,2024-02-28T16:48:36.981000Z,2024-02-28T16:48:36.909932Z,2326.0,CJNL5D58,236,"Vietnamese, English, German",21,Male,Asian,Vietnam,Germany,Vietnam,Vietnamese,Yes,Unemployed (and job seeking)
e2b7483f7b8f73414fed1d462be69d058670af0355658ba917c14a6ba0486c82,d2cf821b8d00a1ddb0fbd0cadc921d54438aa29fd3636db9b39ecf40ae699978,APPROVED,Not Applicable,2024-02-28T16:09:59.224000Z,2024-02-28T16:55:41.332000Z,2024-02-28T16:55:42.010000Z,2024-02-28T16:55:41.954030Z,2743.0,CJNL5D58,46,"Chinese, English, German",18,Male,Asian,Germany,Germany,Germany,German,Yes,Due to start a new job within the next month
4452fe71dab22ac0138a4cdcf967a04c3291146cf95f13d3cbc03a96e7fee0fe,7157ad33d28b7f3b5fa8503fbe19e2167e64e0286f5a027bfabc56dcca16c736,APPROVED,Not Applicable,2024-02-28T16:12:14.313000Z,2024-02-28T16:44:05.790000Z,2024-02-28T16:44:07.648000Z,2024-02-28T16:44:06.546866Z,1912.0,CJNL5D58,18,"English, German",18,Male,White,Germany,Germany,Germany,German,Yes,Part-Time
e091917a4b412182810afb4abf675ba9088b0a861571ca84d79c72661bd20313,d6d595ba1f003c0819d52561b663cfa129c1792e7129d4ce88c101358b212bda,RETURNED,Not Applicable,2024-02-28T16:20:00.032000Z,,,2024-05-06T13:45:01.062829Z,,,308,CONSENT_REVOKED,CONSENT_REVOKED,CONSENT_REVOKED,CONSENT_REVOKED,CONSENT_REVOKED,CONSENT_REVOKED,CONSENT_REVOKED,CONSENT_REVOKED,CONSENT_REVOKED,CONSENT_REVOKED
5c92b588c191723081daafbb8dfc4204b6ad8c1c21ed60cfb2ebf0b240ac465d,86a7d7013f1b7557836a083dd312ac718998813d7cee567c7aef0c40ab1112f2,APPROVED,Not Applicable,2024-02-28T16:09:57.707000Z,2024-02-28T16:37:23.404000Z,2024-02-28T16:37:24.054000Z,2024-02-28T16:37:23.940222Z,1646.0,CJNL5D58,751,German,39,Male,White,Germany,Germany,Germany,German,No,Other
1f9c55ad82e4a8ef455728a78a016b760c246d4889653116c04fe23084903bdf,0648e9c320bf4eeb10a8aa2f83f8d1844d488ff9f90e09b5aa3c693be6640ccf,RETURNED,Not Applicable,2024-02-28T16:10:07.960000Z,,,2024-05-06T13:45:01.083398Z,,,995,CONSENT_REVOKED,CONSENT_REVOKED,CONSENT_REVOKED,CONSENT_REVOKED,CONSENT_REVOKED,CONSENT_REVOKED,CONSENT_REVOKED,CONSENT_REVOKED,CONSENT_REVOKED,CONSENT_REVOKED
3226fb922e9529595762107b990ab2864b96056c5802e8a92ef62b327ad5fdff,aa5e8e382126c1f6f36bdb593f4425fb74e368330d85f34e2a5a3f601bd78103,APPROVED,Not Applicable,2024-02-28T16:16:39.449000Z,2024-02-28T16:40:23.837000Z,2024-02-28T16:40:24.415000Z,2024-02-28T16:40:24.326530Z,1425.0,CJNL5D58,25,"English, German",23,Male,White,Germany,Germany,Germany,German,Yes,"Not in paid work (e.g. homemaker', 'retired or disabled)"
70d2b556234ee191ba07ef2e9fc4537edae49ae23c39b441c38b92eba1bf2bb7,8a61c658ff2a62de8cca2b1c8b148fac381f4c9a559aaf0a6cf3db5d738f9832,APPROVED,Not Applicable,2024-02-28T16:10:15.405000Z,2024-02-28T16:27:13.672000Z,2024-03-20T00:06:22.874000Z,2024-02-28T16:27:14.200716Z,1019.0,CJNL5D58,60,"English, German",21,Female,White,Germany,Germany,Germany,German,Yes,Other
fa621efb55780279f3de55b40a1ec1c029ac76e212b6db85a7c28148ef936197,6668ca46a7f0dc340893c10fa075b375ba7c750d8e2845da6ce5359f30923b47,APPROVED,Not Applicable,2024-02-28T16:10:09.651000Z,2024-02-28T17:47:19.182000Z,2024-02-28T17:47:19.758000Z,2024-02-28T17:47:19.682938Z,5830.0,CJNL5D58,74,"English, German, Turkish",21,Male,White,Germany,Germany,Germany,Turkish,Yes,Part-Time
f42d47be79e02b234b1497ee0de5b9ad787f0f6f47f70429e2e9f06242996eaf,9d631d728269e6c786982753afabdce6dad70eb52ac1e1933fb44ce2fa81da3a,TIMED-OUT,Not Applicable,2024-02-28T16:10:15.895000Z,,,2024-05-06T13:45:01.128360Z,5866486.0,,174,"English, German",22,Male,White,Germany,Germany,Germany,German,Yes,Part-Time
a10be2a197d11a238089d4c410ccd4b6e09fbef24c026f1027ae876ba2a3d5f4,afa2488deee4066b2358fb4141504c463ff23600ed31613bd34051977d7b6af9,APPROVED,Not Applicable,2024-02-28T16:10:13.347000Z,2024-02-28T16:45:06.851000Z,2024-02-28T16:45:07.517000Z,2024-02-28T16:45:07.457120Z,2094.0,CJNL5D58,210,"English, German",53,Male,White,Germany,Germany,Germany,German,No,Full-Time
c4ca5dc3f4de1f0837c5c34189c9748ce96be60d68e93075627a2225e03436b7,9df3b4d2488f4e7f63029f20326ae70df53dcaaa06f44a4a434677dbf41b8aab,APPROVED,Not Applicable,2024-02-28T16:10:27.594000Z,2024-02-28T16:40:58.007000Z,2024-02-28T16:40:58.569000Z,2024-02-28T16:40:58.463865Z,1831.0,CJNL5D58,124,"English, German, Turkish",36,Male,White,Germany,Germany,Germany,German,No,Full-Time
030c884d0492605005bebc65f1d6e8c8c6d43596b210b55c909360cf6d461bb9,ab68bca85f2ed7cb84d85081ea2c3036e5087fc13e5ec227ba8b549f1c7bb012,APPROVED,Not Applicable,2024-02-28T16:17:10.124000Z,2024-02-28T16:58:50.588000Z,2024-02-28T16:58:51.104000Z,2024-02-28T16:58:51.021698Z,2501.0,CJNL5D58,1847,"English, German",34,Male,White,Germany,Germany,Germany,German,No,Full-Time
54cc56fbf4c9cc62931f3b4e90bcf5541fd36706bd2cc58a915b6c56f33519c6,436677bc138eb5cf6205dd254a99fdf591a6631acb0984d4ad4e2f49f5cacad7,APPROVED,Not Applicable,2024-02-28T16:17:55.261000Z,2024-02-28T16:50:11.204000Z,2024-02-28T16:50:11.850000Z,2024-02-28T16:50:11.731619Z,1936.0,CJNL5D58,130,"German, English",21,Male,White,Germany,Germany,Germany,German,Yes,Part-Time
d910e356ebc16ea1c3da0cd18626a7c196115f9364f955bd9bfc901228abaf3d,d5bf4dc2bec3ba7a6152fed8ec0d9afb449d9eda85a885cae709182b94f1768e,APPROVED,Not Applicable,2024-02-28T16:10:59.347000Z,2024-02-28T16:46:57.343000Z,2024-02-28T16:46:57.900000Z,2024-02-28T16:46:57.840433Z,2158.0,CJNL5D58,2,German,28,Male,White,Germany,Germany,Germany,German,No,Full-Time
731038f5047996fbb2637b97d06fe0ee6e95e49edd917a134af72147b975f4ee,f409affb8e527c50c3b3f33e53006108d7b5bf7defb7a1ae9f27920de128b214,APPROVED,Not Applicable,2024-02-28T16:11:44.956000Z,2024-02-28T16:39:40.798000Z,2024-02-28T16:39:41.791000Z,2024-02-28T16:39:41.707531Z,1676.0,CJNL5D58,207,"English, German",35,Female,Mixed,Germany,Germany,Germany,German,No,Full-Time
baef670c98862e8983d54d0dcad5d15845f8969d6a67775e71d197d894b54034,deb9a9bf3fb4ad85cdb10dae738621a8724a9bd44a3d706393e7e03bb443a66f,APPROVED,Not Applicable,2024-02-28T16:10:58.274000Z,2024-02-28T16:38:22.326000Z,2024-02-28T16:38:27.957000Z,2024-02-28T16:38:22.818119Z,1645.0,CJNL5D58,9,"English, German",34,Male,White,Germany,Germany,Germany,German,No,Full-Time
31bc7d3b5f495296ac9bcdae84d391f9235d40588414d4d179d0393d23d0cb8e,43af902b8d36ed66324a3cd8aa9e4452573a15405f8664a6546971b1ef725613,APPROVED,Not Applicable,2024-02-28T16:13:37.711000Z,2024-02-28T16:42:18.868000Z,2024-02-28T16:42:21.614000Z,2024-02-28T16:42:19.438065Z,1722.0,CJNL5D58,161,"English, German",34,Male,White,Germany,Germany,Germany,German,No,Full-Time
f9897180e17d485e57387af39f0f8e67e8ae19908e898265021ad91c878edf33,00c9b37d0be8390e8a47e9b6d585b7adbde3c45f127886a42e4e8d56de56c9ce,APPROVED,Not Applicable,2024-02-28T16:11:18.907000Z,2024-02-28T17:38:39.113000Z,2024-02-28T17:38:39.851000Z,2024-02-28T17:38:39.798820Z,5241.0,CJNL5D58,17,"English, German, Serbian",21,Female,Mixed,Germany,Germany,Serbia,German,Yes,Full-Time
fe72309b06d9eb8a5823f327c8cb9904f90fe307d425bb80afa7692eaeaf47fe,15cdf332b90e3b13126fb1e09f2a7e7c4a56465e8c0f57db4046dd499f4e7b7d,APPROVED,Not Applicable,2024-02-28T16:11:25.144000Z,2024-02-28T16:48:12.727000Z,2024-02-28T16:48:13.521000Z,2024-02-28T16:48:13.410057Z,2208.0,CJNL5D58,0,"English, German",21,Male,White,Germany,Germany,Germany,German,No,Full-Time
cf7dce5c5515e4e04720c4f8aab10406cf500f5385e79e166d9509517f97986f,18323770cf63081cb5b8c1a0f208f19f7ed3bd8c8f4b0dacafa0b744c1fa6c8c,RETURNED,Not Applicable,2024-02-28T16:11:15.687000Z,,,2024-05-06T13:45:01.159435Z,,,72,CONSENT_REVOKED,CONSENT_REVOKED,CONSENT_REVOKED,CONSENT_REVOKED,CONSENT_REVOKED,CONSENT_REVOKED,CONSENT_REVOKED,CONSENT_REVOKED,CONSENT_REVOKED,CONSENT_REVOKED
604fdedaac929d1722dc32f8be350a5e931ad3b895e2916250059aac210fb9f7,72dc4685fa8a728bde538ea48d45137ee8733e413fec61c6344698ff41830e53,APPROVED,Not Applicable,2024-02-28T16:11:46.191000Z,2024-02-28T16:30:00.480000Z,2024-02-28T16:30:01.137000Z,2024-02-28T16:30:00.982765Z,1095.0,CJNL5D58,117,"English, German",19,Male,White,Germany,Germany,Germany,German,DATA_EXPIRED,DATA_EXPIRED
16e6872b639085f83d90a3ddda1ab72a386793c0609e3dbc7ddbe80c3e885d78,515bb8f3339f38ce6c7786281a4408ca78fccf994906ba754c6fb30e5c709194,APPROVED,Not Applicable,2024-02-28T16:13:45.418000Z,2024-02-28T16:32:50.103000Z,2024-02-28T16:32:50.670000Z,2024-02-28T16:32:50.602116Z,1145.0,CJNL5D58,113,"English, German",28,Male,Mixed,Germany,Germany,Germany,German,No,"Not in paid work (e.g. homemaker', 'retired or disabled)"
eb4227aab3f2271ce7ecac4e6b753200e3b5a7bc168f1c4acf03d1ad4ff384d2,2eb03cdee5b69db573f5d78ea0c20fb1f07158307f758043d0cb03cfcbdd00a7,APPROVED,Not Applicable,2024-02-28T16:11:25.989000Z,2024-02-28T16:54:14.095000Z,2024-02-28T16:54:14.746000Z,2024-02-28T16:54:14.668093Z,2569.0,CJNL5D58,23,"English, German, Italian",19,Male,White,Germany,Germany,Germany,German,Yes,Other
fa566b2ca376853322d4f3c33c17c128450079bd6184dca1b75eb698095cc2b0,719f38b7c873e84037508888e298b6b920c26c906c29123ae468a656a74c6441,APPROVED,Not Applicable,2024-02-28T16:11:45.688000Z,2024-02-28T16:51:41.687000Z,2024-02-28T16:51:42.483000Z,2024-02-28T16:51:42.388512Z,2396.0,CJNL5D58,1675,"German, English",36,Male,White,Germany,Germany,Germany,German,DATA_EXPIRED,DATA_EXPIRED
257b87eea6994a45f790e375742829c86d0807a12062a12a729429f6b15e17c6,7ab704e571906d9ed1f08160fc0aba9bd4afc68d7e36e2a5e26589fc6eefe692,APPROVED,Not Applicable,2024-02-28T16:14:21.503000Z,2024-02-28T17:17:03.022000Z,2024-02-28T17:17:03.873000Z,2024-02-28T17:17:03.779112Z,3762.0,CJNL5D58,1759,"German, English",71,Female,White,Germany,Germany,Germany,German,No,"Not in paid work (e.g. homemaker', 'retired or disabled)"
7b6ecca655c8f81e4e050a3fd32caa5967a8ba78a0471cb0508c1f5e2fa67ca1,af6898296ccb509d2fe0f8aa62e733a174647b25adbf80c88156063a1a9d605c,APPROVED,Not Applicable,2024-02-28T16:11:39.098000Z,2024-02-28T16:48:37.193000Z,2024-02-28T16:48:37.906000Z,2024-02-28T16:48:37.830483Z,2219.0,CJNL5D58,1572,"German, English",61,Female,White,Germany,Germany,Germany,German,No,"Not in paid work (e.g. homemaker', 'retired or disabled)"
88c346ca4b14bf99d58ba6f1f7b1649e7e054b9a42ab52b6e4670d5f9137e590,64204b396ccba5b640812e7a00240c3601238d0aa42c834fd0394640f663440e,APPROVED,Not Applicable,2024-02-28T16:11:53.773000Z,2024-02-28T16:42:06.069000Z,2024-03-20T00:06:23.348000Z,2024-02-28T16:42:06.542675Z,1813.0,SYSTEMDOESNTGIVETHEPERMISSIONFORCOMPLETE,113,"English, French, German, Dutch, Norwegian, Spanish, Turkish",34,Male,White,Turkey,Germany,Turkey,English,No,Full-Time
91b18de651f8ed4e844df17e2628b029c4e044b765cab8f3a42ab220927d7cdb,7e1bf310c4d449501e822f804eb450201508bbf8583642e8960204667af475d5,APPROVED,Not Applicable,2024-02-28T16:18:52.573000Z,2024-02-28T16:53:31.636000Z,2024-02-28T16:53:32.254000Z,2024-02-28T16:53:32.171673Z,2080.0,CJNL5D58,53,"English, German",19,Prefer not to say,Mixed,Germany,Germany,Germany,German,No,Due to start a new job within the next month
db3021b2a61a578683d489500472128750281f929f803a2fd71a810bbd33fe35,0e2e9ddbf170b1675753bca7a9578e9675af90c3a112b3d4801d84f2d8dc7c5e,RETURNED,Not Applicable,2024-02-28T16:18:22.978000Z,,,2024-05-06T13:45:01.197345Z,,,293,CONSENT_REVOKED,CONSENT_REVOKED,CONSENT_REVOKED,CONSENT_REVOKED,CONSENT_REVOKED,CONSENT_REVOKED,CONSENT_REVOKED,CONSENT_REVOKED,CONSENT_REVOKED,CONSENT_REVOKED
4714a1e8fc7e6d1b9e0e949b56b2303b5e191d1735bab9724e65db365454f4d9,f1ac4e67be87dd0c2578cd88e3ab6af4968b86bcca3fb1ca633c959467751c4c,APPROVED,Not Applicable,2024-02-28T16:13:45.563000Z,2024-02-28T16:41:58.478000Z,2024-02-28T16:41:59.169000Z,2024-02-28T16:41:59.070976Z,1693.0,CJNL5D58,60,"German, Czech",46,Male,White,Czech Republic,Germany,Germany,German,No,Full-Time
bf158ba380dda7727d7f90ed5441b9b1e99dce29b9575932351cb6bba3fe59c2,9c1f5eaeab49b2418dd0baa52dce160856bf30d2ce365ab91ab55c44f6572228,APPROVED,Not Applicable,2024-02-28T16:12:53.671000Z,2024-02-28T16:34:22.507000Z,2024-02-28T16:34:24.152000Z,2024-02-28T16:34:24.632896Z,1289.0,CJNL5D58,194,"German, Turkish, English",31,Female,Asian,Austria,Germany,Austria,Turkish,No,Full-Time
5fde9f3030c6a8bdfa8d7b52d8ec7e50c950db6de16a70616ab2826dbb63a539,486ae4bf01291de032ca77152245ef2e3ad03e98dc68e2d866d529b196656a93,APPROVED,Not Applicable,2024-02-28T16:13:25.026000Z,2024-02-28T16:43:39.106000Z,2024-02-28T16:43:40.221000Z,2024-02-28T16:43:40.121021Z,1815.0,CJNL5D58,53,"French, German, English, Gaelic, Spanish",27,Male,White,Germany,Germany,Germany,German,Yes,Part-Time
d2f76847b5ba4603c1941d97aea2cdd115635acb8a8ed1fdae972b082f84cb2e,d53aa0949f5c2c93efe4fb8aacf06362775cb51f7c8ee9ea21f89db3b2d48155,APPROVED,Not Applicable,2024-02-28T16:22:30.646000Z,2024-02-28T17:22:19.005000Z,2024-02-28T17:23:06.492000Z,2024-02-28T17:23:23.683850Z,3589.0,CJNL5D58,135,"German, English",29,Female,White,Germany,Germany,Germany,German,No,Part-Time
651b3e141df94a0d457dbd7f725706b952592e10ced0813687abb8d705faa4ab,5f39cda79cefc85e2de2a3a5178a4c3a8a1af8550d6afc769fd480b79d5ed69d,APPROVED,Not Applicable,2024-02-28T16:13:55.014000Z,2024-02-28T16:45:58.112000Z,2024-02-28T16:45:58.940000Z,2024-02-28T16:45:58.799005Z,1924.0,CJNL5D58,470,"Arabic, English, German",38,Male,White,Syrian Arab Republic,Germany,Germany,Arabic,Yes,Full-Time
2392d9b6cbfd1fd4f73877428757af19827a00cc496938a184ea39befc872b2a,9bcb59f9adc735cbfb68a5278026b0bc28d4e4c1d5b831fe29b648d457224821,APPROVED,Not Applicable,2024-02-28T16:14:35.613000Z,2024-02-28T16:35:43.790000Z,2024-02-28T16:35:44.669000Z,2024-02-28T16:35:44.388756Z,1269.0,CJNL5D58,61,"English, German",25,Female,White,Germany,Germany,Germany,German,Yes,Part-Time
ce3a904b9ac04a7e7d35da496e829861c504f7ae5483f107f90cf20db0d676d3,6597148ccc60cd7fd7ea51e65f2584c0cd834122f4e36dd32297dde03d5ef430,APPROVED,Not Applicable,2024-02-28T16:18:14.667000Z,2024-02-28T16:55:22.817000Z,2024-02-28T16:55:23.519000Z,2024-02-28T16:55:23.449403Z,2229.0,CJNL5D58,32,"English, German",24,Male,White,Germany,Germany,Germany,German,No,Full-Time
c5019b0edc06e07c606795635ce65307319c69f1ca048bc263fb3a5da9b820ce,8c1125471c85e755b013881e06d8e31aa5b09d93fa47617a9a3985b99caa6f18,APPROVED,Not Applicable,2024-02-28T16:14:35.257000Z,2024-02-28T16:49:06.798000Z,2024-02-28T16:49:07.481000Z,2024-02-28T16:49:07.402662Z,2072.0,CJNL5D58,684,"English, German",41,Male,White,Germany,Germany,Germany,German,No,DATA_EXPIRED
d17676ab056c8cad59359a410add0a5c34701a8986fb98bd6dc2d9629e835f6d,60c198ef0f8f152d43254ed0d571e8a1d7516841f4776bd76100157aa47acb62,APPROVED,Not Applicable,2024-02-28T16:17:48.558000Z,2024-02-28T16:41:39.330000Z,2024-02-28T16:41:39.900000Z,2024-02-28T16:41:39.787076Z,1431.0,CJNL5D58,4,"German, Turkish, English",37,Male,Mixed,Germany,Germany,Germany,German,No,Full-Time
b54f2d86e1a2f1a1db5280755550700e63d0fb855d5fb3aedabfe82e24970d9b,7e3173623dbe05e5980c0263d2ad9dbd1b11e3d5d698cfe29288c585ebb3ce5a,APPROVED,Not Applicable,2024-02-28T16:16:43.804000Z,2024-02-28T16:48:34.509000Z,2024-02-28T16:48:35.279000Z,2024-02-28T16:48:35.163038Z,1911.0,CJNL5D58,979,"English, German",41,Male,Asian,Vietnam,Germany,Germany,German,No,Part-Time
84db3fd1a93a60c94ff403a07e7de2f30012fed41d5b827dca647309301e3857,87f08287222f5b958c498b5948ed49dfa49e2dc12bfd214c3892b8868282d383,APPROVED,Not Applicable,2024-02-28T16:22:40.940000Z,2024-02-28T17:06:38.196000Z,2024-02-28T17:06:38.813000Z,2024-02-28T17:06:38.741747Z,2638.0,CJNL5D58,283,"German, English, Esperanto",28,Female,White,Germany,Germany,Germany,German,Yes,Part-Time
9a00f9caa029d53ec189ca051e684a77df587cbbb9af96733869fac73276fb40,bef5752dd31c0a1845c19f0fc786f2137d2fd098a2d3eb405bbad65ca852d893,APPROVED,Not Applicable,2024-02-28T16:17:54.859000Z,2024-02-28T16:59:45.744000Z,2024-02-28T16:59:46.681000Z,2024-02-28T16:59:46.582283Z,2511.0,CJNL5D58,121,"English, German",31,Female,White,Germany,Germany,Germany,German,No,Part-Time
6cc8a71fb8b5ed10d8650a446e1f613a043744f7d71862c26d369647b4333aef,05353b23737e53b4bd79687da5a193533005543ba24da3fd7c464d4810c57593,APPROVED,Not Applicable,2024-02-28T16:18:05.648000Z,2024-02-28T16:57:17.543000Z,2024-02-28T16:57:18.131000Z,2024-02-28T16:57:18.047035Z,2352.0,CJNL5D58,2,"German, English",22,Female,White,Germany,Germany,Germany,German,Yes,"Not in paid work (e.g. homemaker', 'retired or disabled)"
80910f60d0c0caadd70940eb5624e71d1c8d49b8f970710f14ae4f93c23486e0,4edd4df5700500328d6b9aa1ce7426426a6f2cb18b5565a106c96e5d089e0301,APPROVED,Not Applicable,2024-02-28T16:20:29.479000Z,2024-02-28T16:46:52.845000Z,2024-02-28T16:46:53.760000Z,2024-02-28T16:46:53.476763Z,1584.0,CJNL5D58,286,"English, French, German, Japanese, Turkish",31,Female,White,Germany,Germany,Germany,German,Yes,Full-Time
2b07e92c82c1b2e2669826b5577780f13873f045272d223e246fe72f88573872,3d547a73a361be6f68afb22364ca43098d1115e0180768c7f82608f51424d90b,RETURNED,Not Applicable,2024-02-28T16:20:08.826000Z,,,2024-05-06T13:45:01.191784Z,,,86,CONSENT_REVOKED,CONSENT_REVOKED,CONSENT_REVOKED,CONSENT_REVOKED,CONSENT_REVOKED,CONSENT_REVOKED,CONSENT_REVOKED,CONSENT_REVOKED,CONSENT_REVOKED,CONSENT_REVOKED
a407afcdf94af8e846fc5ed60b266f6820c4673e6473b43af199d2af958654c2,943729b1d3028a5ac14f1bfa14121b083aa13faaa04022c3542888068561b7cd,APPROVED,Not Applicable,2024-02-28T16:19:07.082000Z,2024-02-28T16:40:19.527000Z,2024-02-28T16:40:20.251000Z,2024-02-28T16:40:20.145169Z,1273.0,CJNL5D58,141,"French, German, Italian, English, Korean",23,Female,Mixed,Turkey,Germany,Germany,German,Yes,DATA_EXPIRED
bbf5453a839a56e1b730918dd813b38dc21ea5c2e50d414f3ba5533078f01e18,41fc5df571acd8924473e683d937debf5d5684c09df6f018307a7e4c8f6ed093,APPROVED,Not Applicable,2024-02-28T16:27:15.304000Z,2024-02-28T16:50:05.951000Z,2024-02-28T16:50:06.667000Z,2024-02-28T16:50:06.596836Z,1371.0,CJNL5D58,16,"English, German, French, Turkish",26,Female,White,Turkey,Germany,Turkey,Turkish,Yes,Unemployed (and job seeking)
ee01ecf7fecd3c22a0f89345df091884392652f856fcb29f366a673cddc0a7f2,4707814fc7a00d2e48316a0ea74e3e9aa881d5872723ee892a620d4e9813616e,APPROVED,Not Applicable,2024-02-28T16:19:20.067000Z,2024-02-28T16:38:55.204000Z,2024-02-28T16:38:55.867000Z,2024-02-28T16:38:55.752080Z,1176.0,CJNL5D58,657,"German, English",35,Male,White,Germany,Germany,Germany,German,No,Full-Time
8773ebf78554cc9f37cd65e16c46e1efc25b52d68a68126a31b2be8b57347037,e040845e63e677663f52d249a14b6d40b7d403baaeeb703838994fd8c987d9a0,APPROVED,Not Applicable,2024-02-28T16:29:05.924000Z,2024-02-28T17:07:11.991000Z,2024-02-28T17:07:12.746000Z,2024-02-28T17:07:12.657269Z,2287.0,CJNL5D58,51,"German, English",33,Male,White,Germany,Germany,Germany,German,Yes,Part-Time
403487f979a82fcc31f799fa5e1fccc5c201148cacbb771c5322b1161e09b0f6,65efd2b9a2e023aca0e42f781ab63d2a5c6c1176ecb8b49ec8a8cb8d1324ea8c,RETURNED,Not Applicable,2024-02-28T16:20:33.495000Z,,,2024-05-06T13:45:01.311000Z,,,751,CONSENT_REVOKED,CONSENT_REVOKED,CONSENT_REVOKED,CONSENT_REVOKED,CONSENT_REVOKED,CONSENT_REVOKED,CONSENT_REVOKED,CONSENT_REVOKED,CONSENT_REVOKED,CONSENT_REVOKED
3ad162b0d6a0b65caac01b9ddda0bcc26ab3a7eb1453f9e621021d0def921fb1,0712d987e3867268fc9e12888b3a9585bd19d3bfa54a2bf4799d68caa62a3a2f,RETURNED,Not Applicable,2024-02-28T16:20:46.611000Z,,,2024-05-06T13:45:01.336480Z,,,645,CONSENT_REVOKED,CONSENT_REVOKED,CONSENT_REVOKED,CONSENT_REVOKED,CONSENT_REVOKED,CONSENT_REVOKED,CONSENT_REVOKED,CONSENT_REVOKED,CONSENT_REVOKED,CONSENT_REVOKED
d6c072586a7d618a7f1d185cb631f7dc1cc0d4ad01376d3e7ff37d753e070ec3,8f52762907eaada385e10d03323f50777edcdbe936e892d06b8ee81a23892646,RETURNED,Not Applicable,2024-02-28T16:20:41.542000Z,,,2024-05-06T13:45:01.406810Z,,,1282,CONSENT_REVOKED,CONSENT_REVOKED,CONSENT_REVOKED,CONSENT_REVOKED,CONSENT_REVOKED,CONSENT_REVOKED,CONSENT_REVOKED,CONSENT_REVOKED,CONSENT_REVOKED,CONSENT_REVOKED
d90bc3b639ac81c23e81a6426018ab278cbb18b19595a7f4e0b398894241590c,ed221ed5987e67e9d0f54dba60cb65843a779b179f5469ce58af40da87b42d9d,RETURNED,Not Applicable,2024-02-28T16:21:10.556000Z,,,2024-05-06T13:45:01.408161Z,,,185,CONSENT_REVOKED,CONSENT_REVOKED,CONSENT_REVOKED,CONSENT_REVOKED,CONSENT_REVOKED,CONSENT_REVOKED,CONSENT_REVOKED,CONSENT_REVOKED,CONSENT_REVOKED,CONSENT_REVOKED
ee4197b1ec64ebcdb3cd96c3a05065a638a8a690a05b62d5408d4b4d9919bb31,3c25b42f306ddc8bf6ca2b2764202cdd4df97132d3cd56af3aa8e35b97d83e92,APPROVED,Not Applicable,2024-02-28T16:24:40.772000Z,2024-02-28T17:11:51.355000Z,2024-02-28T17:11:52.089000Z,2024-02-28T17:11:51.983227Z,2831.0,CJNL5D58,95,"German, English",29,Male,White,Germany,Germany,Germany,German,No,Full-Time
564ce117d21c80fdcdf8bc12ae4c457c10a2521a47f3b894bcd11da88227db4f,f38e221d6be399db9cdcf5bd44be96ea721e6e82dca30a9ac48f34275f00174d,APPROVED,Not Applicable,2024-02-28T16:21:25.063000Z,2024-02-28T16:44:17.251000Z,2024-02-28T16:44:22.792000Z,2024-02-28T16:44:17.700514Z,1373.0,CJNL5D58,194,"German, English",34,Male,White,Germany,Germany,Germany,German,No,Unemployed (and job seeking)
55245e9f4a67d6f19ea39c1ce10e355de8c126390142b8faf704c9b44d1b52ed,c01cdace5790fa0429e7234dd2690f8fdcb098097ea157bee2f1da31794c0b09,RETURNED,Not Applicable,2024-02-28T16:22:17.866000Z,,,2024-05-06T13:45:01.499512Z,,,690,CONSENT_REVOKED,CONSENT_REVOKED,CONSENT_REVOKED,CONSENT_REVOKED,CONSENT_REVOKED,CONSENT_REVOKED,CONSENT_REVOKED,CONSENT_REVOKED,CONSENT_REVOKED,CONSENT_REVOKED
cfb5676fce5f45e2bc5d86c5b83606a4832f7c3f88f450d3cba4e930993cb93b,0640bbb395cefde281b123b2ca2cd580bc1c92269e553cdce5e5fe71eaddd8b1,RETURNED,Not Applicable,2024-02-28T16:21:58.077000Z,,,2024-05-06T13:45:01.491657Z,,,1260,CONSENT_REVOKED,CONSENT_REVOKED,CONSENT_REVOKED,CONSENT_REVOKED,CONSENT_REVOKED,CONSENT_REVOKED,CONSENT_REVOKED,CONSENT_REVOKED,CONSENT_REVOKED,CONSENT_REVOKED
7266cfd4ced09997cf9c0a6181742ad39064fdf2b409fb848944891332609190,10ecfe3ed4643271a0afd862e64fd8aab73361d98f4798eddbecececf4ba0aa4,APPROVED,Not Applicable,2024-02-28T16:28:27.703000Z,2024-02-28T17:00:36.927000Z,2024-02-28T17:00:37.471000Z,2024-02-28T17:00:37.402543Z,1930.0,CJNL5D58,2188,"English, German",40,Male,White,Germany,Germany,Germany,German,No,Full-Time
ea3588fc6c77d24c185c45e0d133719ac3097ed8db4334457fd863bc945b8140,69a4ee929b3562a73717f75995e999b6140e102e0c3bea948cd9c2a9b7b55c3c,APPROVED,Not Applicable,2024-02-28T16:22:45.067000Z,2024-02-28T17:06:24.131000Z,2024-02-28T17:06:26.848000Z,2024-02-28T17:06:24.595562Z,2620.0,CJNL5D58,42,"German, English, French",26,Female,White,Germany,Germany,Germany,German,Yes,Part-Time
5c8850e9fca660e9463f941e843e042d4ed69828e5f2f5f27eb7316493f94fb0,6b76b602513639a3b6c480b8be80fb2938d55d889693c404aac3ed4c81e0e17a,APPROVED,Not Applicable,2024-02-28T16:31:57.653000Z,2024-02-28T17:03:11.483000Z,2024-02-28T17:03:11.987000Z,2024-02-28T17:03:11.932482Z,1874.0,CJNL5D58,117,"English, German",31,Male,White,Germany,Germany,Germany,German,No,Full-Time
0dcaae7097e0147582f18fba581d406b720ee793c6d1b4d073bcd582a0580cde,8619b0da9cf02c24c50acccb0feb05b676ab24f6c5009b9ec655faf6b2af502c,APPROVED,Not Applicable,2024-02-28T16:23:24.696000Z,2024-02-28T17:07:10.470000Z,2024-02-28T17:07:11.068000Z,2024-02-28T17:07:10.989590Z,2626.0,CJNL5D58,114,"German, English",18,Male,White,Germany,Germany,Germany,German,Yes,Part-Time
2b3d542b98cb872ecff30e37e99b4790aa1041347ca8642c405e6226da466eaa,4dafa1ad9e170461ddc1ad2629449230e57f10372db2dfbd5bb8128001682412,APPROVED,Not Applicable,2024-02-28T16:24:17.179000Z,2024-02-28T16:55:12.585000Z,2024-02-28T16:55:13.171000Z,2024-02-28T16:55:13.057754Z,1856.0,CJNL5D58,101,"English, German",26,Female,White,Germany,Germany,Germany,German,No,Part-Time
df025599c675fbc72736be81002dc5ae80b3279298c326d12979a4eb2c9cf0d4,d1ce070c41d224a6457d0f2c3e6c9343280c6397130176dc9bc0376e19ea1424,APPROVED,Not Applicable,2024-02-28T16:28:01.761000Z,2024-02-28T17:13:12.124000Z,2024-02-28T17:13:12.709000Z,2024-02-28T17:13:12.630504Z,2711.0,CJNL5D58,28,"Chinese, English, German",27,Male,Asian,Germany,Germany,Germany,German,Yes,Unemployed (and job seeking)
6610ff0abc74b71c92c674c0b995c66bcda079073dd05a77abb3b4e31953e228,f80ba6cb8e63c40ef00a17b5d92af22d9e586bbae394978e40b84c9c9ec06c5b,APPROVED,Not Applicable,2024-02-28T16:24:45.825000Z,2024-02-28T16:51:34.062000Z,2024-02-28T16:51:34.841000Z,2024-02-28T16:51:34.833973Z,1609.0,CJNL5D58,136,"German, English",19,Male,White,Germany,Germany,Germany,German,Yes,Other
2568d9bc6e37ffbc35e2941b4423ba808c535109b97a317702ea7d29ea7432bd,d27cb852052569da196c648f5f3967a31662b69e10f7a3c7b60cb263cf48fab8,APPROVED,Not Applicable,2024-02-28T16:25:19.862000Z,2024-02-28T16:44:35.269000Z,2024-02-28T16:44:35.891000Z,2024-02-28T16:44:35.822009Z,1156.0,CJNL5D58,239,"German, English",22,Female,White,Germany,Germany,Germany,German,Yes,DATA_EXPIRED
1f5f4aa91a964ef131c7078541bc8f633dd0f5bd40796a85e3bea04689a3bb65,0a3df34a310355f1880018f70e0b6050c98a417a3da22390b617ac2428035c4a,RETURNED,Not Applicable,2024-02-28T16:25:50.335000Z,,,2024-05-06T13:45:01.533754Z,,,1006,CONSENT_REVOKED,CONSENT_REVOKED,CONSENT_REVOKED,CONSENT_REVOKED,CONSENT_REVOKED,CONSENT_REVOKED,CONSENT_REVOKED,CONSENT_REVOKED,CONSENT_REVOKED,CONSENT_REVOKED
bc5f1677cd4d1939639b2a24ad07afa39ed145e4295444ce7cf29eee92228ab4,55d93138d7d4db53ff644c05cb9eed304972036ff5c8d73c1d8ef09343322d9a,APPROVED,Not Applicable,2024-02-28T16:26:19.745000Z,2024-02-28T16:59:57.531000Z,2024-02-28T16:59:58.026000Z,2024-02-28T16:59:57.951182Z,2018.0,CJNL5D58,1999,"German, English",35,Male,White,United States,Germany,Germany,German,No,Full-Time
be33c8ce6b7750f006bae4c682eb8938f8ae0929df132d4ab04e46677e490252,4f695ce92934ff1d3756468332e26bd1b8e01293689447d41284417064cad2dd,APPROVED,Not Applicable,2024-02-28T16:26:38.105000Z,2024-02-28T17:07:39.752000Z,2024-02-28T17:07:40.958000Z,2024-02-28T17:07:40.794711Z,2462.0,CJNL5D58,26,"English, German",22,Female,White,Germany,Germany,Germany,German,Yes,Other
3b60b8e98ac914838a1da1bc91da0471914c94d88ec3f06d62ef52cb7710ce95,7eec8f46a9c4df55e3ad1c182bb52a38af3ac3a778dc03ba59f94d2b0eab5080,APPROVED,Not Applicable,2024-02-28T16:26:37.396000Z,2024-02-28T16:54:23.008000Z,2024-02-28T16:54:23.648000Z,2024-02-28T16:54:23.548956Z,1666.0,CJNL5D58,203,"German, English, Turkish",26,Male,Mixed,Germany,Germany,Turkey,Turkish,No,Full-Time
e93f4573a2bab7454b88255fa50402688407bece189045fd504d04e7f5de7771,74470012fba63837e31cb1ced8839bb77a5267b7d6c516fbe16ead85af81217b,RETURNED,Not Applicable,2024-02-28T16:29:14.204000Z,,,2024-05-06T13:45:01.572350Z,,,1921,CONSENT_REVOKED,CONSENT_REVOKED,CONSENT_REVOKED,CONSENT_REVOKED,CONSENT_REVOKED,CONSENT_REVOKED,CONSENT_REVOKED,CONSENT_REVOKED,CONSENT_REVOKED,CONSENT_REVOKED
3462df47e3ce9f0ae6ffba1961c4c73f7f4a444617bcf679e1858e93d4da3571,5c6a27768bea38d842bf7750c31bc3b4c5c1217093d0ba05a40ef7172fbbf74e,APPROVED,Not Applicable,2024-02-28T16:29:21.478000Z,2024-02-28T17:03:16.995000Z,2024-02-28T17:03:17.558000Z,2024-02-28T17:03:17.478367Z,2036.0,CJNL5D58,795,"Vietnamese, German, English",27,Male,Asian,United States,Germany,United States,German,Yes,Full-Time
231ed14bff0f2dec541a3980d32aa67ac5284e931ed925dabf62f70bd23a5d50,1d4c9551f260369ff68801f466d76e64228bf309f36b12f9c991397f47ebd430,APPROVED,Not Applicable,2024-02-28T16:29:51.677000Z,2024-02-28T17:07:23.329000Z,2024-02-28T17:07:23.895000Z,2024-02-28T17:07:23.825977Z,2252.0,CJNL5D58,1625,"German, English, Russian",35,Male,White,Russian Federation,Germany,Germany,German,No,Full-Time
ee9803b4960441421f283038bfe467b6dc5793db4ddbee1e40946b1c74270629,e8e2bbd590d2c8933701763ba2bff32b6e82779cdc96361f25182a7eb05f4f34,APPROVED,Not Applicable,2024-02-28T16:30:33.396000Z,2024-02-28T16:47:54.233000Z,2024-03-20T00:06:24.180000Z,2024-02-28T16:47:54.800369Z,1041.0,CJNL5D58,371,"German, English",24,Female,White,Germany,Germany,Germany,German,No,Due to start a new job within the next month
a3c858586fe1240f8f783484eb4625d7f867d5ac2628147b79b4dd739dbd22c1,e94c88e29ed67ed8e9b26c120df778586f33a5f65befb4a19d26a4fb920a19fb,RETURNED,Not Applicable,2024-02-28T16:31:02.086000Z,,,2024-05-06T13:45:01.603253Z,,,591,CONSENT_REVOKED,CONSENT_REVOKED,CONSENT_REVOKED,CONSENT_REVOKED,CONSENT_REVOKED,CONSENT_REVOKED,CONSENT_REVOKED,CONSENT_REVOKED,CONSENT_REVOKED,CONSENT_REVOKED
668b1ff9676e34a9d963708ec53cf90441b0263201ff2cfc431b9d422b51fa0e,05a15d773a9d3c5bc3bf97d89af0b152597c85432f4b3c30293deef1c60d1a16,APPROVED,Not Applicable,2024-02-28T16:35:30.856000Z,2024-02-28T17:09:23.637000Z,2024-02-28T17:09:26.682000Z,2024-02-28T17:09:27.578093Z,2033.0,CJNL5D58,1280,"German, English",27,Male,White,Germany,Germany,Germany,German,No,DATA_EXPIRED
2e8c2400b277e66d56e6e5a171e48258bcb762c2fba0e410e4baa3d6d061b05f,8f742f4e54877b43c2fd751578fc3ba4c4f883a22e58a851f03442d3fe833009,APPROVED,Not Applicable,2024-02-28T16:32:26.158000Z,2024-02-28T17:42:03.677000Z,2024-02-28T17:42:06.388000Z,2024-02-28T17:42:04.203168Z,4178.0,CJNL5D58,485,"English, Dutch, German, Spanish, Swedish, Turkish, Danish",20,Female,Mixed,Turkey,Germany,Turkey,Turkish,Yes,Part-Time
142745c41eb15bf42b7fa384ab48439a10d8efe4d8ca82e27cb93e0179579c17,2260aed05bb80a0352bb24ae8abb58e330497ed8e9e26d5905cef30dc6a83e83,APPROVED,Not Applicable,2024-02-28T16:39:30.404000Z,2024-02-28T17:12:44.658000Z,2024-02-28T17:12:45.193000Z,2024-02-28T17:12:45.130872Z,1995.0,CJNL5D58,180,"English, German",23,Female,White,Germany,Germany,Germany,German,Yes,"Not in paid work (e.g. homemaker', 'retired or disabled)"
e822842a51290ecf60c4aa5a5d0f1b3e777975e1267f8798368c2feec13fc190,11535e725e1245270ea420f082149cdba3356e8a23a768b60efb8bcd4009df0d,APPROVED,Not Applicable,2024-02-28T16:33:39.411000Z,2024-02-28T17:03:54.395000Z,2024-02-28T17:03:54.983000Z,2024-02-28T17:03:54.914473Z,1815.0,CJNL5D58,293,"English, German, Chinese, French, Other, Russian",26,Female,Asian,Kazakhstan,Germany,Kazakhstan,Russian,Yes,Part-Time
2fb16b664caa622a02a0222b7e19621edd9d3923fcd65506d9823fcb6ecce14a,6e33ba3bf1d24b0b68ff66c0ef711e4b581c7d091a4c3009fdf842ae4dbe99b4,APPROVED,Not Applicable,2024-02-28T16:34:09.043000Z,2024-02-28T17:57:46.796000Z,2024-02-28T17:57:47.776000Z,2024-02-28T17:57:47.697867Z,5018.0,CJNL5D58,11,"Arabic, English, French, German",36,Male,Mixed,Morocco,Germany,Morocco,English,No,Full-Time
5083eb379616dd0d372266299040ed564da29bcfc1051393f11efddd56bd7b65,9d8a6a35ebee8de82b74759ce4176781195080471b5dd03333c7a726d3aa9e11,APPROVED,Not Applicable,2024-02-28T16:35:00.442000Z,2024-02-28T17:16:33.969000Z,2024-02-28T17:16:34.587000Z,2024-02-28T17:16:34.474607Z,2494.0,CJNL5D58,347,"German, English",28,Male,White,Germany,Germany,Germany,German,No,Part-Time
3c4cb6d140230a5d654f488776d57677d41828a1e7ea3ddae09827ec45a8244a,9050b7af3c9054fd1a1a5000fde3f738044fea90f657fac01beba0cb0b0e3244,APPROVED,Not Applicable,2024-02-28T16:35:14.114000Z,2024-02-28T17:06:05.876000Z,2024-02-28T17:06:06.467000Z,2024-02-28T17:06:06.385427Z,1852.0,CJNL5D58,54,"English, German, Russian",21,Male,White,Belarus,Germany,Germany,Russian,Yes,Part-Time
56c4446aac5668d7b5c4bd78ffd73f7756d48a56da49fb60a00e71533614f124,edf7c8bb6289d9c76cec3ba92abc5b3856acfc309e429e0e4ab8ccb1de23ccc4,APPROVED,Not Applicable,2024-02-28T16:35:14.572000Z,2024-02-28T17:19:11.758000Z,2024-02-28T17:19:12.344000Z,2024-02-28T17:19:12.274398Z,2638.0,CJNL5D58,138,"Polish, English, German, Spanish",32,Female,White,Poland,Germany,Poland,Polish,No,DATA_EXPIRED
c377ca24b927f97104bb2a06c5d6c0d0168efaae9bea456a0c3745e83f187020,64377e06aa77defbbaa76333634169f336b2eecd72657aec626d8ab35df1c410,RETURNED,Not Applicable,2024-02-28T16:35:18.809000Z,,,2024-05-06T13:45:01.669417Z,,,1250,CONSENT_REVOKED,CONSENT_REVOKED,CONSENT_REVOKED,CONSENT_REVOKED,CONSENT_REVOKED,CONSENT_REVOKED,CONSENT_REVOKED,CONSENT_REVOKED,CONSENT_REVOKED,CONSENT_REVOKED
d99ee6d3cf3cedc2c81e119ccf9a205df871ef61bc0d49f0e8fb4dab23b24e3a,d423f248a7c64967560eed3a099307c4f6f6c9463f1e87ec28d5c85526dd6873,APPROVED,Not Applicable,2024-02-28T16:36:37.551000Z,2024-02-28T16:51:59.084000Z,2024-03-20T00:06:24.558000Z,2024-02-28T16:51:59.648315Z,922.0,19940,88,"German, Turkish",26,Female,White,Germany,Germany,Turkey,German,No,Unemployed (and job seeking)
5126e0c3d686fbe0a010f1ed6b82a12da66c4a1ee60705df0d686bbbc17449d9,37d1382b9e68030b0b90903082411350e7d077c490a118494dc0e61e34ce5a22,APPROVED,Not Applicable,2024-02-28T16:36:37.520000Z,2024-02-28T17:44:21.328000Z,2024-02-28T17:44:21.993000Z,2024-02-28T17:44:21.892458Z,4064.0,CJNL5D58,43,"English, German",25,Female,Black,Nigeria,Germany,Nigeria,English,Yes,Due to start a new job within the next month
e341afefd13067345ecfa162893388a0bf268999e1a535707ca61f186af0fb3b,7dd942c65e49c45b4d713835bc6a59acc8bb83d2bea7ba2893106ee8bf4d3f75,APPROVED,Not Applicable,2024-02-28T16:36:37.190000Z,2024-02-28T17:11:07.395000Z,2024-02-28T17:11:08.275000Z,2024-02-28T17:11:08.164988Z,2071.0,CJNL5D58,841,"English, German",45,Female,White,Germany,Germany,Germany,German,No,"Not in paid work (e.g. homemaker', 'retired or disabled)"
dae5ef24f8058ef7902845beb47d3af9d1d0d111bbd5bdf7141615de5098fc2d,3b8acdafe0722fe66954bb93ac272e345af6d04bb6c47577b5a4aaf3a5fa654f,APPROVED,Not Applicable,2024-02-28T16:36:39.961000Z,2024-02-28T17:24:28.429000Z,2024-02-28T17:24:29.788000Z,2024-02-28T17:24:29.728916Z,2869.0,CJNL5D58,113,"English, German, Turkish",31,Male,Asian,Turkey,Germany,Turkey,Turkish,No,Unemployed (and job seeking)
acb397e290fcb45056d9cf735430d12e8d6f46fd4781c5397f086d2fc864d6ef,f13f6d183887414721211f8113d3ef142de2569d16399204ac7ba2224f229fe1,APPROVED,Not Applicable,2024-02-28T16:37:00.684000Z,2024-02-28T17:56:05.606000Z,2024-02-28T17:56:06.338000Z,2024-02-28T17:56:06.215502Z,4745.0,CJNL5D58,7,"English, French, German, Romanian, Spanish, Italian",39,Female,White,Romania,Germany,Germany,Romanian,No,Full-Time
1da74e485509a4189beaffd9285542195438f4d6b781da3ec13297bf34569151,2c4c739518f05ea8b3091b6beb87b458cd595d2d66c5f249ae22b028baa70319,APPROVED,Not Applicable,2024-02-28T16:37:41.030000Z,2024-02-28T17:21:05.322000Z,2024-02-28T17:21:05.952000Z,2024-02-28T17:21:05.859471Z,2605.0,CJNL5D58,16,"German, Turkish, English",18,Male,White,Germany,Germany,Germany,German,Yes,Part-Time
00c3a8945336a43d22a0dd3b2e0d4d0bff2f6f3b341ddfbeb1e88cda8b53c5f1,13438ab6fc5706e5da2f7c23d608476c7183b26611d16e36f2a0818a089f71ec,APPROVED,Not Applicable,2024-02-28T16:36:37.575000Z,2024-02-28T16:53:58.332000Z,2024-03-20T00:06:24.989000Z,2024-02-28T16:53:58.851894Z,1041.0,CJNL5D58,940,"English, German",35,Male,White,Germany,Germany,Germany,German,No,Full-Time
0e3e0b8b49ae1bf8277d6581c0d04c5402da2ae7d9213ae4c593dc13fec1b1c3,e99e25d5c9656b96ea14078e480e891f4410cf459271cf38ea8a9d42375b2368,APPROVED,Not Applicable,2024-02-28T16:36:43.792000Z,2024-02-28T17:08:50.761000Z,2024-02-28T17:09:13.201000Z,2024-02-28T17:09:19.027792Z,1927.0,CJNL5D58,101,"English, German",44,Male,White,Germany,Germany,Germany,English,No,Part-Time
ef0c94cab2d99cd6361a9a766a21774ea2fee8529f6fe4ad8f0ba7ffd7dcc07d,50f4fec26890776d815e46fcbc1e2fac4233be43813a85713a805a2da2c5d9a3,APPROVED,Not Applicable,2024-02-28T16:36:52.822000Z,2024-02-28T17:10:18.213000Z,2024-02-28T17:10:18.758000Z,2024-02-28T17:10:18.645428Z,2006.0,CJNL5D58,120,"English, Croatian, German, Serbian",45,Female,White,Bosnia and Herzegovina,Germany,Germany,Other,No,Full-Time
ef73edeb3c41ddb29476e857b6a5885f15e63862215e694d6715bf3e851407e2,7d2d5341ecc2a303b3a6fa14b1219fdabbc5d12288cca59ec03ab00f6d23c1ca,APPROVED,Not Applicable,2024-02-28T16:36:46.217000Z,2024-02-28T17:03:03.662000Z,2024-02-28T17:03:04.421000Z,2024-02-28T17:03:04.357080Z,1578.0,CJNL5D58,22,"German, English",19,Male,White,Germany,Germany,Germany,German,No,Part-Time
e90bf77847476c261ecb9848d9ab62109f59f6766c7defa9ae5fa421c73f0497,df930288329bb35c59099fa117ec11e5b37fe564619dc77d4750f4becfa25f97,RETURNED,Not Applicable,2024-02-28T16:38:06.977000Z,,,2024-05-06T13:45:01.642420Z,,,1652,CONSENT_REVOKED,CONSENT_REVOKED,CONSENT_REVOKED,CONSENT_REVOKED,CONSENT_REVOKED,CONSENT_REVOKED,CONSENT_REVOKED,CONSENT_REVOKED,CONSENT_REVOKED,CONSENT_REVOKED
1699182f3e1f3d738110243e12f9f0b0b9de17365db255780b3bf7f477d3cc1e,c96adb6b377138ef3151e48c98a673505f712c4ed8eac04b0b8c6f7a7a6755e4,APPROVED,Not Applicable,2024-02-28T16:39:21.822000Z,2024-02-28T16:53:42.641000Z,2024-03-20T00:06:25.374000Z,2024-02-28T16:53:43.170656Z,861.0,CJNL5D58,221,"German, English",26,Male,White,Germany,Germany,Germany,German,No,Full-Time
3e6088aa8fd34a005442f1685b352458c5493ab10c9f9e2454d4faccae2a5297,8ae325caf62dc66c9aa3c1df40a7fc817a2fc3ef852963467cd8b16b83becf15,APPROVED,Not Applicable,2024-02-28T16:40:24.031000Z,2024-02-28T17:55:46.182000Z,2024-02-28T17:55:46.883000Z,2024-02-28T17:55:46.795309Z,4523.0,CJNL5D58,133,"English, German, French",22,Female,White,Germany,Germany,Germany,German,No,Full-Time
03a91f9a042ed6ab1464a294eb0c5ca02201dde0888fd69c5c9887c78e74abed,38d1a3a108aefd5ec042417176ba4856541d9a7ba5f6e839f3e1c8593048a69f,APPROVED,Not Applicable,2024-02-28T16:43:22.824000Z,2024-02-28T17:09:53.795000Z,2024-02-28T17:09:54.506000Z,2024-02-28T17:09:54.408553Z,1591.0,CJNL5D58,14,German,21,Female,White,Germany,Germany,Germany,German,No,Unemployed (and job seeking)
0a3d7ed4febcbc0f74cfa16c47ebca471d0be6848b1b998b011546667a39aabe,2dc9ffb6279ec61381eb4038cf6ed91802ecd5ee5bd745a13f4ca7d60c2b6372,APPROVED,Not Applicable,2024-02-28T16:50:01.917000Z,2024-02-28T17:48:33.592000Z,2024-02-28T17:48:34.230000Z,2024-02-28T17:48:34.132222Z,3512.0,CJNL5D58,126,"English, German, Turkish",19,Female,Asian,Germany,Germany,Germany,Turkish,Yes,Part-Time
7953f1b11ce580450347c664f262c18cfcab8c2828bc52697f2fc7849463f8a6,0e13801f3d4ac4e797e26ec33a8103bc87ea30d5b12b93e05b787e4d514b039b,APPROVED,Not Applicable,2024-02-28T16:41:28.004000Z,2024-02-28T16:53:37.693000Z,2024-03-20T00:06:25.825000Z,2024-02-28T16:53:38.305422Z,730.0,CJNL5D58,149,"German, English",23,Male,White,Germany,Germany,Germany,German,Yes,Part-Time
d351633a34c59ab0ecf248aafc48c58bcd13643fe860905e4995100a516bd5f3,566bacf3df43dec9aa3058be208ac6efb7a63e843a9c4933a23c9912827e5cb5,RETURNED,Not Applicable,2024-02-28T16:42:48.844000Z,,,2024-05-06T13:45:01.672430Z,,,330,CONSENT_REVOKED,CONSENT_REVOKED,CONSENT_REVOKED,CONSENT_REVOKED,CONSENT_REVOKED,CONSENT_REVOKED,CONSENT_REVOKED,CONSENT_REVOKED,CONSENT_REVOKED,CONSENT_REVOKED
958416830d38ceced1325970bf8efe052b15ff0c2cf26db70bf4c73541d22ad8,b65d711b987813e62ec0be653288efbae36a358ae99c85a1b517912650a6bb9e,APPROVED,Not Applicable,2024-02-28T16:43:10.618000Z,2024-02-28T17:12:55.612000Z,2024-02-28T17:12:56.256000Z,2024-02-28T17:12:56.155883Z,1785.0,CJNL5D58,108,"English, German",35,Prefer not to say,White,Germany,Germany,Germany,German,Yes,Full-Time
0e578d41d6dec9c8c6c8344d3c603ccf53a04002888ee80330c6c002b92a5af1,61e5b8eb46307f212623830daeef2b69feee69a201ebefb3c6108764b44ecbf2,APPROVED,Not Applicable,2024-02-28T16:43:44.696000Z,2024-02-28T17:53:56.759000Z,2024-03-20T00:06:26.195000Z,2024-02-28T17:53:57.337280Z,4213.0,NOCODE,7,"Arabic, English, French, German",22,Female,White,Morocco,Germany,Morocco,Arabic,Yes,Unemployed (and job seeking)
bdf38f87a9e16a1b58e80316d7a6bcc22cb2364de292d9c8053425bb892f3fc2,08dfeba8af423f7d590760dce8e3e1eaa135dc35fdb55ec3083a10d9ecf759ba,APPROVED,Not Applicable,2024-02-28T16:44:13.241000Z,2024-02-28T17:18:05.731000Z,2024-02-28T17:18:06.569000Z,2024-02-28T17:18:06.505794Z,2033.0,CJNL5D58,513,"Bengali, English, German",36,Female,Asian,Bangladesh,Germany,Bangladesh,English,No,Full-Time
e3969668b4042e49d35876a8b9d43867add0cee1fdb5a8937596abe1833f45e0,6ae809ed5e18e3563e5f9860b3ba0513243d010e3db924f6b44bcbe896f8bf44,APPROVED,Not Applicable,2024-02-28T16:45:48.832000Z,2024-02-28T17:04:30.326000Z,2024-02-28T17:04:31.156000Z,2024-02-28T17:04:31.092456Z,1122.0,CJNL5D58,244,"German, English",24,Female,Mixed,Germany,Germany,Germany,German,Yes,Other
8804685d08e5a1a30b1116bd7aff816790efcb22ea0a97d7a9a602a5f7fa7c15,ae90b96f7c66451f402026a16e36b6aca99133ae61aa3682a3f4f124792990af,RETURNED,Not Applicable,2024-02-28T16:45:56.357000Z,,,2024-05-06T13:45:01.758691Z,,,187,CONSENT_REVOKED,CONSENT_REVOKED,CONSENT_REVOKED,CONSENT_REVOKED,CONSENT_REVOKED,CONSENT_REVOKED,CONSENT_REVOKED,CONSENT_REVOKED,CONSENT_REVOKED,CONSENT_REVOKED
e27751b77315d1c53b5b88bc94e00524d5fccf72ec319820c7540b1b90783d59,3a565350fc3358d774ccb88817d50c80cfa491f25a7284c2c36d580d1352f1ac,APPROVED,Not Applicable,2024-02-28T16:46:20.325000Z,2024-02-28T17:07:46.774000Z,2024-02-28T17:07:47.350000Z,2024-02-28T17:07:47.275891Z,1287.0,CJNL5D58,64,"English, German",24,Male,White,Germany,Germany,Germany,German,Yes,Unemployed (and job seeking)
fbc7a3fcb52dec77b32a33a5d7533d6be2a7671c406ad389849b687c85956e5e,4b5d05f440ee094e4de5486d142561d193a35fc1da63f9df8ead4265f36cd8c2,APPROVED,Not Applicable,2024-02-28T16:46:21.392000Z,2024-02-28T17:15:11.205000Z,2024-02-28T17:15:11.892000Z,2024-02-28T17:15:11.776171Z,1730.0,CJNL5D58,1851,"German, English",49,Male,White,Germany,Germany,Germany,German,No,Full-Time
10b5814684e352292cc215e347b13880e19bcd2b9ce1cc12a4b0139e27471446,3422fdfe674806098d782d563c9ea76a5b2dc1b0e2ffd07319417d74e2e95fdb,APPROVED,Not Applicable,2024-02-28T16:51:32.472000Z,2024-02-28T18:23:25.314000Z,2024-02-28T18:23:25.893000Z,2024-02-28T18:23:25.906686Z,5513.0,CJNL5D58,210,"English, German, Polish",22,Male,White,Poland,Germany,Germany,Polish,No,Part-Time
445426a34dad33878e0132a66c8113fd933e57142ebfc9bc9b587661571fcc78,cc6c1281afaaaa23c152de5b56fc280e99a4e9b5e9975bea4da5d3c2d4167c02,APPROVED,Not Applicable,2024-02-28T16:52:57.934000Z,2024-02-28T17:13:10.841000Z,2024-02-28T17:13:11.574000Z,2024-02-28T17:13:11.433865Z,1213.0,CJNL5D58,227,"Greek, German, English",29,Female,White,Greece,Germany,Greece,Greek,No,Full-Time
393447116cdc2b2a8c85284884e21c7bc2fa57b66c7df524aa6a76468ada8c24,0aeb8f6481f3700a8318dd9a697e57694b8ccca8e90920d1d92d42fffc8e99ea,APPROVED,Not Applicable,2024-02-28T16:56:13.003000Z,2024-02-28T17:54:10.714000Z,2024-02-28T17:54:11.362000Z,2024-02-28T17:54:11.271844Z,3478.0,CJNL5D58,355,"German, Serbian, English",23,Male,Other,Germany,Germany,Germany,Serbian,Yes,Part-Time
998796b1e74162552434ed082ebf2b9cc1c798e902dc6fa1e0fefee7bff07199,84afd56b0e2ac74ef6ba408899cc0049d24e16f321234f5b3c2455f902180979,APPROVED,Not Applicable,2024-02-28T16:53:54.611000Z,2024-02-28T17:29:39.447000Z,2024-02-28T17:29:40.090000Z,2024-02-28T17:29:40.004567Z,2145.0,CJNL5D58,125,"English, German, Spanish",20,Female,Mixed,Germany,Germany,Germany,English,DATA_EXPIRED,DATA_EXPIRED
67ce61d04d1cbb8b5bad97158a001e904f6e282e681d4d94e1f8f9ad19bb1fd5,fed278ee625bc8fd01ada76a49f6d6072e64c5f1495a5ad8cb02715de291247b,APPROVED,Not Applicable,2024-02-28T16:54:00.361000Z,2024-02-28T17:37:17.622000Z,2024-02-28T17:37:18.339000Z,2024-02-28T17:37:18.245974Z,2598.0,CJNL5D58,3,"German, English",26,Male,White,Germany,Germany,Germany,German,Yes,Part-Time
7048e7fb4a04ab4fce60bd9d694bfcaaee076c38fe87e9d314308dc43dd38f27,00659c82013ac81c908a9406f74048e2bf145d4dc570f25470cd3002c1cbeeab,APPROVED,Not Applicable,2024-02-28T16:54:00.813000Z,2024-02-28T17:16:42.875000Z,2024-02-28T17:16:43.431000Z,2024-02-28T17:16:43.391056Z,1363.0,CJNL5D58,636,"English, German",27,Male,White,Germany,Germany,Germany,German,Yes,Part-Time
2dee9c8886fc26b7f30c40836667d417874b1174bbbcb313b2d5c125ed8b2f88,b9c965b519e29022b864c43e1506d5aebf7fbf81159aa6fb064ab228caee0646,APPROVED,Not Applicable,2024-02-28T16:54:55.011000Z,2024-02-28T17:31:06.633000Z,2024-02-28T17:31:07.290000Z,2024-02-28T17:31:07.196644Z,2172.0,CJNL5D58,1515,German,32,Male,White,Germany,Germany,Germany,German,DATA_EXPIRED,DATA_EXPIRED
7cfc1add2c227de104bf1a332a0fdc54039078afa1f6159e8e23f678246157ff,24dd4aa055c283e6ca306b23d112f104866c05e46f9095c938edbb12eece5168,APPROVED,Not Applicable,2024-02-28T16:55:04.474000Z,2024-02-28T18:08:32.852000Z,2024-02-28T18:08:33.638000Z,2024-02-28T18:08:33.571705Z,4409.0,CJNL5D58,51,"German, English",33,Male,White,Germany,Germany,Germany,German,No,"Not in paid work (e.g. homemaker', 'retired or disabled)"
b7a3b56daa21eb5068b88ae7851e34b46a9417d33e2c90cfcf8777334ce860f8,91328f9f5448e7f932e75ba1b71caefb949fcb178687714691d3cf617e65b2a1,APPROVED,Not Applicable,2024-02-28T16:55:28.828000Z,2024-02-28T17:27:23.516000Z,2024-02-28T17:27:24.049000Z,2024-02-28T17:27:23.969260Z,1915.0,CJNL5D58,57,"English, German",50,Male,White,Germany,Germany,Germany,German,No,Full-Time
6d24456670937c371b0160e1a0ab65387876d9285cd6c09e170282a174050045,e012d0182535ee6bacf6abcffad74b8ca7240f86dfee1239e06da33a57729ea0,APPROVED,Not Applicable,2024-02-28T16:55:43.862000Z,2024-02-28T17:13:20.046000Z,2024-02-28T17:13:20.662000Z,2024-02-28T17:13:20.560365Z,1057.0,CJNL5D58,1098,German,51,Male,White,Germany,Germany,Germany,German,No,Full-Time
7d0a493c6e2322aa7d86c2eb9072b14ca9d9fc2a9dc744a16482a2ffea88a530,820e0f7071451a4b72bd3d15fec7b0677b2ec061ffc9baf831c58490b4b80947,APPROVED,Not Applicable,2024-02-28T16:55:44.997000Z,2024-02-28T17:19:53.918000Z,2024-02-28T17:19:54.487000Z,2024-02-28T17:19:54.371017Z,1449.0,CJNL5D58,201,"English, German",26,Male,Mixed,Hong Kong,Germany,Germany,English,Yes,Part-Time
42deead6fb7648d74d8830f4b77335f5a5be88deacd062450f778c1210f3d406,e5b50c9b9f44814678407a90a7098f4f92c71b87e9b2c35a3d118a397815dbb2,APPROVED,Not Applicable,2024-02-28T16:55:49.237000Z,2024-02-28T17:31:31.385000Z,2024-02-28T17:31:31.964000Z,2024-02-28T17:31:31.877784Z,2143.0,CJNL5D58,738,"German, English",32,Female,White,Germany,Germany,Germany,German,Yes,Unemployed (and job seeking)
dacc128b6b773e2d8c11d11600a14460ea29aff4722fbc05e495b5ede58c7596,429d60ccbbb23de481aff12880d4e67da2f86937b9665d309ce0f8f2b0a84e11,APPROVED,Not Applicable,2024-02-28T16:56:52.516000Z,2024-02-28T17:49:51.968000Z,2024-02-28T17:49:52.708000Z,2024-02-28T17:49:52.611544Z,3180.0,CJNL5D58,422,"German, English",39,Male,White,Germany,Germany,Germany,German,No,Full-Time
bff873734c6aaf0836c005c82b8cc5673c25ef9c1f1e5edec78b1ac3682da5d2,5ec7e4191d01fc57d5aab30c31fb6464c5dee679a13b83d82a4ad02692b2aa86,APPROVED,Not Applicable,2024-02-28T16:57:22.105000Z,2024-02-28T17:46:19.519000Z,2024-02-28T17:46:20.192000Z,2024-02-28T17:46:20.119193Z,2938.0,CJNL5D58,177,"English, German",52,Male,White,Germany,Germany,Germany,German,No,Full-Time
20e90c887a1c49bfd37e4558c6f22584089e5e6fc72b08702193a522370e4178,0832ede62805cc593979fff91ccb4610db4c97287bf277bba642e47758726550,APPROVED,Not Applicable,2024-02-28T16:58:01.593000Z,2024-02-28T17:20:16.344000Z,2024-02-28T17:20:17.777000Z,2024-02-28T17:20:17.689433Z,1335.0,CJNL5D58,862,"English, German",35,Male,White,Germany,Germany,Germany,German,No,Full-Time
80fa50e2ed7d1ac93a563390c9e0e6309c6215079b0755bb1011bd8e690d88d6,1635fe15b162d38ef049dce6063479cfd480a5d466957db62374032f848c1364,APPROVED,Not Applicable,2024-02-28T16:58:15.373000Z,2024-02-28T17:44:19.474000Z,2024-02-28T17:44:19.998000Z,2024-02-28T17:44:19.923027Z,2765.0,CJNL5D58,34,"English, Dutch, French, German, Italian, Spanish, Turkish",30,Male,White,Turkey,Germany,Turkey,Turkish,Yes,DATA_EXPIRED
36dbc5d8cdf8fda1c188b4251e8177c2623ed0521b204b95b6f1db2bfe5a8cd3,3c5615e57b990040da1533372cb301497f9e2567ef17c6cbbfbd82559d749d4b,APPROVED,Not Applicable,2024-02-28T17:07:42.887000Z,2024-02-28T17:46:58.192000Z,2024-02-28T17:46:58.792000Z,2024-02-28T17:46:58.747974Z,2356.0,CJNL5D58,749,"English, German",25,Male,White,Germany,Germany,Germany,German,DATA_EXPIRED,DATA_EXPIRED
be869356f34e0931ae219ff5084d59ba69a9bd41ddb7b717bd1bcd49b6fe282f,b2c8e8093f7168b98efba8fb4ae1f2f46232933956424bd129f3e486abd0dfbc,APPROVED,Not Applicable,2024-02-28T17:01:23.808000Z,2024-02-28T17:34:59.256000Z,2024-02-28T17:35:00.005000Z,2024-02-28T17:34:59.921491Z,2016.0,CJNL5D58,1078,"German, Polish, English",28,Male,White,Germany,Germany,Germany,German,DATA_EXPIRED,Full-Time
c6c6109b381589158c244587f3b4aeaa330106074c9481293baeda01268e915b,ee7d68e48a679c85ba4f9c31e9c3c38e6b522cada55ead60c3544c0c2c807229,APPROVED,Not Applicable,2024-02-28T17:03:12.835000Z,2024-02-28T17:33:46.628000Z,2024-02-28T17:33:47.350000Z,2024-02-28T17:33:47.303170Z,1834.0,CJNL5D58,295,"English, German, Polish, Ukrainian, Russian",26,Female,White,Ukraine,Germany,Ukraine,Ukrainian,Yes,Part-Time
817d1dcd039d13c505031665481d1a4c49c9c600e9f936ea4440e5d1439d1deb,9d2e52d7eeb0a0ff4ea0049e4014f7c4b6b23949fa7471f9f1686f8fc0c08b1d,APPROVED,Not Applicable,2024-02-28T17:05:38.336000Z,2024-02-28T17:33:27.113000Z,2024-02-28T17:33:27.640000Z,2024-02-28T17:33:27.618743Z,1669.0,CJNL5D58,287,"English, German",40,Female,White,Germany,Germany,Germany,German,No,Full-Time
d738d95af19e855a05c65fc2a7068e024916989a6f74e4e980bdc9dd20ac967c,e8935596df27f8847e1aa08c4e0f39689a4918f387672810131f0a35d26e1a1e,APPROVED,Not Applicable,2024-02-28T17:06:14.048000Z,2024-02-28T17:28:08.190000Z,2024-02-28T17:28:08.706000Z,2024-02-28T17:28:08.640902Z,1315.0,CJNL5D58,1831,"English, German",38,Female,White,United States,Germany,United States,English,DATA_EXPIRED,Full-Time
63807aa5eb031c01347326a32bcff82b682d9b0993e36fc98cd7366a8809712f,bf0d117246681742d991d3e753fa1319faee2e64df37839bbc3622e2fe7ca50a,APPROVED,Not Applicable,2024-02-28T17:08:00.131000Z,2024-02-28T18:10:36.020000Z,2024-02-28T18:10:36.599000Z,2024-02-28T18:10:36.493046Z,3756.0,CJNL5D58,84,"English, German, Urdu",26,Male,Asian,United Arab Emirates,Germany,Pakistan,English,No,Part-Time
1b4eb8c2429e898939fd432329183bee2adf5af77a8e488707731e26bcfc3fc3,9a8ff86a97be8b73dc4d10f41f87efda4f11a9bc05f2b5a498b0bc5b9ba2b627,APPROVED,Not Applicable,2024-02-28T17:08:43.410000Z,2024-02-28T17:40:59.021000Z,2024-02-28T17:40:59.624000Z,2024-02-28T17:40:59.527582Z,1936.0,CJNL5D58,119,"German, English",23,Female,White,Germany,Germany,Germany,German,Yes,Other
3990167ae07e13f7131017bf7e04ac11d6d20e1c66f0052cc6d4672efc1f1b20,f5e031705c2756ec92f746264ed589b7b8c1c7934cd7d0854f85c6c51c32ece0,APPROVED,Not Applicable,2024-02-28T17:08:33.984000Z,2024-02-28T17:47:03.196000Z,2024-02-28T17:47:03.799000Z,2024-02-28T17:47:03.745163Z,2310.0,CJNL5D58,312,"German, English",26,Female,White,Germany,Germany,Germany,German,Yes,Other
1e95984d3576096157b22d310d65ff98f80b953e3210db937cc6b5975c04fac2,65f50a2eeec014c7d72917d8160f145ea2f056f9b270cf556eb0cf9c18529e25,APPROVED,Not Applicable,2024-02-28T17:09:22.240000Z,2024-02-28T17:41:21.757000Z,2024-02-28T17:41:22.410000Z,2024-02-28T17:41:22.369708Z,1920.0,CJNL5D58,1083,"English, German",44,Female,White,Germany,Germany,Germany,German,No,Part-Time
20bca1ed953ea8013b898f5854d34a70b46d08fee2ef8fc60fe8dcf0f1ec01c2,aae365dc3a2adb6393bb2cf08beb37bfcbbfcb5e7a95040287ad534029acc313,APPROVED,Not Applicable,2024-02-28T17:10:24.014000Z,2024-02-28T17:41:36.647000Z,2024-02-28T17:41:37.245000Z,2024-02-28T17:41:37.175628Z,1873.0,CJNL5D58,1812,"English, German",41,Female,White,Germany,Germany,Germany,German,No,Full-Time
89bbca727cc7c9ad56e4784953e5878c3a0a6ebca326c2e72283d7d323b5683f,eac89e610c73bc28aaa5100243e050a5080170f4680ba8dc41e1fc5d11972e9f,APPROVED,Not Applicable,2024-02-28T17:10:31.175000Z,2024-02-28T17:37:23.367000Z,2024-02-28T17:37:23.897000Z,2024-02-28T17:37:23.835239Z,1613.0,CJNL5D58,521,"German, English",22,Female,White,Germany,Germany,Germany,German,Yes,Other
5103fcdc4894532d86e2919a5541e3fac191b0190af3db8f847b5eb2ee3ab556,6f11108ca0e3eca37b196f7db62c0ac01b2d2c6bb99c0902487b0dd47cecfb88,APPROVED,Not Applicable,2024-02-28T17:11:21.654000Z,2024-02-28T17:53:53.919000Z,2024-02-28T17:53:54.651000Z,2024-02-28T17:53:54.484580Z,2553.0,CJNL5D58,89,"German, English",26,Male,White,Germany,Germany,Germany,German,Yes,Other
109063b6bd6ea351dee38dffe52b8cd7dc5a27b05bea5c14e51964a919f53fe9,f164edb2425a298704741aee219a08add43c61406fccce9d618920899f078cf9,APPROVED,Not Applicable,2024-02-28T17:12:23.177000Z,2024-02-28T17:50:50.919000Z,2024-02-28T17:50:51.472000Z,2024-02-28T17:50:51.366147Z,2308.0,CJNL5D58,2915,"English, Dutch, German, Spanish",31,Male,White,Germany,Germany,Germany,German,No,Full-Time
b9fc1737607be931f87d9fabcd5fd249abda3d0deffa21e97ccf68e5247438ff,57017f43ed271b8a50b942eb89044226eb18140873287ba5745eabae4b67b5e4,APPROVED,Not Applicable,2024-02-28T17:14:10.771000Z,2024-02-28T17:41:23.501000Z,2024-02-28T17:41:24.130000Z,2024-02-28T17:41:24.058878Z,1633.0,CJNL5D58,647,"English, Russian, German",34,Male,White,Germany,Germany,Germany,English,DATA_EXPIRED,DATA_EXPIRED
2110926183551e6bd78d706e841173e7946ba2dabb9338ed54b9eed72c57d3fe,68a13c7d516fe1a7cfdbdbbfe29d40714d7f446c5109665c58bf91b908388b5c,APPROVED,Not Applicable,2024-02-28T17:15:14.058000Z,2024-02-28T17:36:34.411000Z,2024-02-28T17:36:35.089000Z,2024-02-28T17:36:34.995115Z,1281.0,CJNL5D58,93,"English, German",27,Male,White,Germany,Germany,Germany,German,Yes,Full-Time
ed5807e2b4d795c9974c314fad13a32216ac58fd44cebecc69d1df8f4d833dec,96a06678ab2a7fc9e0e240a37cefe7b924a3adc5493e945cfac52467bba75e3f,APPROVED,Not Applicable,2024-02-28T17:24:10.653000Z,2024-02-28T17:53:19.977000Z,2024-02-28T17:53:20.678000Z,2024-02-28T17:53:20.562465Z,1750.0,CJNL5D58,177,"German, English",19,Male,White,Germany,Germany,Germany,German,No,Full-Time
4add55afa3c008babc111d0a6149e28bbfdb204aad35f8a902a3c57d53f11dba,4de959f77263a0e572c1f5ea844056ca874ed50c5855f5d5c3c40605931c615f,APPROVED,Not Applicable,2024-02-28T17:16:35.930000Z,2024-02-28T17:46:17.232000Z,2024-02-28T17:46:17.822000Z,2024-02-28T17:46:17.721098Z,1782.0,CJNL5D58,445,"English, German",33,Male,White,Russian Federation,Germany,Russian Federation,German,Yes,Full-Time
1e1e106559fa278ac005ac8b1cda358ed8200123b4f2c41a746398389b5e4f67,5d1aa00c35f58765a9a7d7864c9bcfc7eeae9bd81d7ef2b41dc811bc6db0eb93,APPROVED,Not Applicable,2024-02-28T17:17:09.152000Z,2024-02-28T17:32:13.226000Z,2024-03-20T00:06:26.573000Z,2024-02-28T17:32:13.957420Z,905.0,CJNL5D58,12,"German, English",20,Male,White,Germany,Germany,Germany,German,Yes,Full-Time
90accd936e8ba619d7955987406946613ce50dbd50cde236924ab3dd3b32736d,54e35a37393f07e68eb706c9868454d314d95678788aa2a1cff13e1fb17d6574,APPROVED,Not Applicable,2024-02-28T17:18:00.443000Z,2024-02-28T17:54:24.864000Z,2024-02-28T17:54:25.549000Z,2024-02-28T17:54:25.457342Z,2185.0,CJNL5D58,95,"German, Turkish",37,Male,White,Germany,Germany,Germany,German,No,Full-Time
7ad0cbc72170a1af1e825b457bc5d8a3941f10b8062a29ed4ce0f7fe2f27e00a,47797c88e1f0aa0c239c9e669f8cc1a04915e39d1ee3b3491a17d5c6c521c484,APPROVED,Not Applicable,2024-02-28T17:19:02.395000Z,2024-02-28T18:13:24.919000Z,2024-02-28T18:13:25.605000Z,2024-02-28T18:13:25.544812Z,3263.0,CJNL5D58,46,"German, Turkish, Kurdish",34,Male,White,Turkey,Germany,Turkey,Turkish,No,Full-Time
3f282d770367f719edd452b5d60576002e8ce8dbd39f33cb243d2d8e8849c704,64f541a8fc82e7961ff257dd3ab8f6713ed6694ae5219eeb921b0ee3f04f97d2,APPROVED,Not Applicable,2024-02-28T17:21:48.839000Z,2024-02-28T17:51:14.256000Z,2024-02-28T17:51:14.874000Z,2024-02-28T17:51:14.785605Z,1766.0,CJNL5D58,789,German,27,Male,White,Germany,Germany,Germany,German,No,Unemployed (and job seeking)
4aab31aba72ecf731e3695032990ee3a576274ceb6e05390ecff17fdf08132be,867d0574331dbcafd12bab8a4622604b371507627c21d9906b3d03e2184e4dd2,APPROVED,Not Applicable,2024-02-28T17:21:12.134000Z,2024-02-28T18:09:11.566000Z,2024-02-28T18:09:12.107000Z,2024-02-28T18:09:12.043006Z,2880.0,CJNL5D58,101,"English, German",21,Male,White,Germany,Germany,Germany,German,Yes,Full-Time
2b2e9f358a0c896ef172a98a0631f51b7f7b84e1db64a02502f316cce155aaf3,c78ecd7ecebd66ada5f5d985131b457db096ce6b10e9f265d2cd0557c28abcf8,APPROVED,Not Applicable,2024-02-28T17:22:04.608000Z,2024-02-28T17:50:11.270000Z,2024-02-28T17:50:12.150000Z,2024-02-28T17:50:12.063352Z,1687.0,CJNL5D58,303,"English, German",29,Male,White,Germany,Germany,Germany,German,Yes,Full-Time
53330c7112b75ed59f96b6795009e26fad35e331040a9e1a553839bdb1baf5a0,c42cedf822e58503eb4e5572819cf252b4345811845c74e99a3f59dc7e47914d,APPROVED,Not Applicable,2024-02-28T17:26:36.618000Z,2024-02-28T17:59:43.112000Z,2024-02-28T17:59:43.705000Z,2024-02-28T17:59:43.605566Z,1987.0,CJNL5D58,1183,"Chinese, English, German",30,Female,White,Germany,Germany,Germany,German,No,Full-Time
5b75b7b3284d76cbd57d09026001dcfbdd788c75b07fe5a9396befa7fbf2a17e,525851d653c80f6fa126e5e7378f50518de7521dcb9ed2bc8446a74e67efbbb8,APPROVED,Not Applicable,2024-02-28T17:25:48.255000Z,2024-02-28T17:40:22.161000Z,2024-03-20T00:06:26.939000Z,2024-02-28T17:40:22.920574Z,874.0,CJNL5D58,60,"English, German",22,Male,White,Germany,Germany,Germany,German,No,Full-Time
2608c3bc86a4fdfa8e5dd7f029742b64f76cbc264fa2a165fac19043bae4badb,3faa406390d20cf2464196a791a93af7ee0b3a7c52f1f066cc8b9ccbc8c9da3c,APPROVED,Not Applicable,2024-02-28T17:26:27.280000Z,2024-02-28T17:51:22.113000Z,2024-02-28T17:51:22.756000Z,2024-02-28T17:51:22.684731Z,1495.0,CJNL5D58,386,"English, German",43,Female,White,Germany,Germany,Germany,German,DATA_EXPIRED,DATA_EXPIRED
08922c7a1fab9051bf992351d95352162774410bc6537f1cf9bb3d21681d8e4e,4fde83544ec17403a4b15394eb4cb05aee03e503f0b5e626205f27eb1dc63895,APPROVED,Not Applicable,2024-02-28T17:26:26.508000Z,2024-02-28T17:58:38.937000Z,2024-02-28T17:58:39.532000Z,2024-02-28T17:58:39.446064Z,1933.0,CJNL5D58,50,"German, English",33,Male,White,Germany,Germany,Germany,German,No,Full-Time
aee7c85ca02abddbbcbf226c127eb3d34c16339ac574586fc84d1f383a17f614,cb80de62cfbbfe1dc0facad7a2fc5ae840123424a80081d12f5c0da507fe5351,APPROVED,Not Applicable,2024-02-28T17:26:52.260000Z,2024-02-28T18:06:35.763000Z,2024-02-28T18:06:36.440000Z,2024-02-28T18:06:36.363685Z,2384.0,CJNL5D58,1781,"German, English",51,Female,White,Germany,Germany,Germany,German,No,Part-Time
b41bc804153c32a15796ad3a4d0597f74b99f60cd718c94222b4e1271488c8b1,d4b4e5774eb0874ec465f437977950fdfc8003beda190f795b47b11bcc3dcc5c,APPROVED,Not Applicable,2024-02-28T17:28:56.325000Z,2024-02-28T18:00:02.393000Z,2024-02-28T18:00:03.079000Z,2024-02-28T18:00:02.980055Z,1867.0,CJNL5D58,22,German,20,Female,White,Germany,Germany,Germany,German,Yes,Other
b472696b3dc6feaba20a10087659115ce43e9b83c204f47a5e167673101c2518,4eafc8833edd3d7dc6f13a847250ddeaba67cefbc5cad296219e94ce6c567103,APPROVED,Not Applicable,2024-02-28T17:29:51.104000Z,2024-02-28T18:00:04.827000Z,2024-02-28T18:00:05.332000Z,2024-02-28T18:00:05.269666Z,1814.0,CJNL5D58,332,"German, English",31,Male,White,Germany,Germany,Germany,German,No,Full-Time
effc5e86838362e3e9265002cf11ae2a3734bac3aff565aafcb36dd49577e22a,3310d6bf072f04fd72aa6d7509e08f20110575e7ea3ab391a8818ca7e45e3524,APPROVED,Not Applicable,2024-02-28T17:33:17.742000Z,2024-02-28T17:51:43.321000Z,2024-02-28T17:51:44.004000Z,2024-02-28T17:51:43.892778Z,1106.0,CJNL5D58,25,"English, German, Spanish",38,Male,Mixed,Peru,Germany,Peru,Spanish,Yes,Unemployed (and job seeking)
a4ecb8cef5d0ce9b9f1c1f11d9ceb1d61648ddb588031b5db1d568cde053466e,7a32af714deaf40535864a4dbc690d9bfcd1a2fb6bccdf0383f2229d786e07dc,APPROVED,Not Applicable,2024-02-28T17:36:18.701000Z,2024-02-28T17:55:22.855000Z,2024-02-28T17:55:23.532000Z,2024-02-28T17:55:23.468956Z,1145.0,CJNL5D58,477,"English, German",33,Female,White,Germany,Germany,Germany,German,DATA_EXPIRED,DATA_EXPIRED
0a12fab1ec8279b2e39278ff4a5f4f7c73da2f442525f84425128f11872ce070,539ae13b342b0c97e26edd36210c07ca763e48c74a4fbb31dd911d8b623c8213,APPROVED,Not Applicable,2024-02-28T17:37:36.617000Z,2024-02-28T18:19:42.753000Z,2024-02-28T18:19:43.365000Z,2024-02-28T18:19:43.255311Z,2527.0,CJNL5D58,92,German,26,Female,White,Germany,Germany,Germany,German,No,Full-Time
c0ad0bb614699655310ba051636a031aea845858e40a0cb517a2816a0da29911,3451efad61618fed5f4b4a70bd2be6e1fa2df838f8988c87f81bd9eb5a828a47,APPROVED,Not Applicable,2024-02-28T17:39:27.582000Z,2024-02-28T18:06:54.515000Z,2024-02-28T18:06:55.046000Z,2024-02-28T18:06:54.945642Z,1647.0,CJNL5D58,160,"English, German",27,Female,White,Germany,Germany,Germany,German,Yes,Other
2a4d4bf749640d9958a464dbe5d07d34776f6977ad568f24e30a1ded57e6a7ae,d3947822c87d3727f14bd46e21ed8dc9c3ffac9f05341c31c81ce7f9236fa842,APPROVED,Not Applicable,2024-02-28T17:38:11.052000Z,2024-02-28T18:21:00.119000Z,2024-02-28T18:21:00.774000Z,2024-02-28T18:21:00.713909Z,2570.0,CJNL5D58,113,"English, German",21,Male,White,Germany,Germany,Germany,German,No,Full-Time
374ee877b9171f79ed70b7fb6c654d46d7e1ddaade168654cc5d57ca843a60b7,4784f68d0fd0c24f43a1e0e4e8f123f8bccfb5d4e27128e6a831b3944ec2131c,APPROVED,Not Applicable,2024-02-28T17:38:42.880000Z,2024-02-28T18:04:37.019000Z,2024-02-28T18:04:37.603000Z,2024-02-28T18:04:37.534901Z,1555.0,CJNL5D58,824,"German, English",27,Male,White,Germany,Germany,Germany,German,No,Full-Time
30edf9558dd686839683caa99f50dd15d76069357c1659a3d9040e9fab67791b,858b958a264345f6b16dbbdb999e71471af4deaaac46e33574ea270cb4fbb8f3,APPROVED,Not Applicable,2024-02-28T17:40:35.064000Z,2024-02-28T18:21:32.543000Z,2024-02-28T18:21:33.045000Z,2024-02-28T18:21:32.987257Z,2458.0,CJNL5D58,22,"Dutch, English, French, German",47,Male,White,Netherlands,Germany,Netherlands,Dutch,No,Full-Time
21a44f568d6553e98b4233a861b91616516734b4dba1c8c490c57fbe31312671,6972c82594dd60ab95f9b842f120397395124a685ddd61607e78c8cb624b8cc0,APPROVED,Not Applicable,2024-02-28T17:41:46.798000Z,2024-02-28T18:24:43.628000Z,2024-02-28T18:24:44.245000Z,2024-02-28T18:24:44.177887Z,2577.0,CJNL5D58,38,German,20,Male,White,Germany,Germany,Germany,German,No,Unemployed (and job seeking)
6c0a00418a9bc990349ddcfe7229fe26090bfdcd76b474b88379ed18af025692,feabe9dc6b2b6d1d6f07345691701e9f331b0a49ab0aca2467dbbbf7bc0632b2,APPROVED,Not Applicable,2024-02-28T17:50:34.499000Z,2024-02-28T18:05:33.671000Z,2024-03-20T00:06:27.404000Z,2024-02-28T18:05:34.144425Z,900.0,CJNL5D58,1241,"English, German",34,Male,White,Germany,Germany,Germany,German,DATA_EXPIRED,DATA_EXPIRED
4756b1d86e730e585c4edebcc888e19d4a3ed248558dfb809e4632b8df0d8e5f,f0d3e18bb660b0023029a2509315417eef7c3e338a873d617aa2eac34aa9a4ea,APPROVED,Not Applicable,2024-02-28T17:46:58.197000Z,2024-02-28T18:21:22.772000Z,2024-02-28T18:21:23.281000Z,2024-02-28T18:21:23.206893Z,2065.0,CJNL5D58,199,"English, German",26,Female,White,Germany,Germany,Germany,German,Yes,Full-Time
135f98b38d5386e9e602ea371910583a8d4ac3e2f4261dbca5bd7e8c5482c212,f393fe31ee11f6aefb6810d644af45542c2bb78e6daf16d17a47bea6ec08ec04,APPROVED,Not Applicable,2024-02-28T17:47:49.328000Z,2024-02-28T18:19:43.010000Z,2024-02-28T18:19:48.473000Z,2024-02-28T18:19:43.393442Z,1914.0,CJNL5D58,819,"German, English",37,Male,White,Germany,Germany,Germany,German,DATA_EXPIRED,DATA_EXPIRED
366d9d80cd36bf2040568e9f2d1cfb7756c0f4a1309ba4dcb17466c45a20cbe7,1132aad03f91e49be44a449434f578deda358f810aacd019173cbfb160da393a,APPROVED,Not Applicable,2024-02-28T17:47:55.683000Z,2024-02-28T18:40:22.449000Z,2024-02-28T18:40:23Z,2024-02-28T18:40:22.930485Z,3147.0,CJNL5D58,376,"English, German, Vietnamese",21,Male,Asian,Vietnam,Germany,Vietnam,Vietnamese,Yes,Unemployed (and job seeking)
2623b5ee8f0438a61b62ec7bfb987b72f890149446f9fea97963c3391cc16add,dc9afc272fe248ccefe0d26713533bd082e3376ceaa125e6db98b2dc9be6a0a5,APPROVED,Not Applicable,2024-02-28T17:48:48.107000Z,2024-02-28T18:30:30.776000Z,2024-02-28T18:30:31.351000Z,2024-02-28T18:30:31.271639Z,2503.0,CJNL5D58,4,"German, English",29,Male,White,Germany,Germany,Germany,German,No,Full-Time
bcff6372395c5e66b8098b82d294e83ef3334f965fd83d3802620feba0233882,5b99fab71175b5f3cad56e7fbbea31aa83ed283dfaec64183c72edae42e22ca0,APPROVED,Not Applicable,2024-02-28T17:48:59.682000Z,2024-02-28T18:42:57.240000Z,2024-02-28T18:42:57.817000Z,2024-02-28T18:42:57.757572Z,3238.0,CJNL5D58,1972,"German, English",46,Male,White,Germany,Germany,Germany,German,DATA_EXPIRED,Full-Time
e7e3bf6451c8b54355b67ec8324d21a76f5a437cc68ccab036160685f420f529,62906a44f88510f192311ac09a5384eead62847b30eb0f20ecec72843edff026,APPROVED,Not Applicable,2024-02-28T17:50:41.322000Z,2024-02-28T18:25:12.004000Z,2024-02-28T18:25:12.545000Z,2024-02-28T18:25:12.528181Z,2071.0,CJNL5D58,26,"Bengali, English, Hindi, German",18,Male,Asian,India,Germany,India,English,Yes,Other
4d2a5e076912de44b6ae82991b4e1be42627c409c4769c7e95082e0c27a50497,a59c8e7c0d53990045c9b1b11a2a444ac098d906eb7f6f5bdead889651edad83,APPROVED,Not Applicable,2024-02-28T17:51:32.234000Z,2024-02-28T18:58:24.350000Z,2024-02-28T18:58:24.841000Z,2024-02-28T18:58:24.765562Z,4013.0,CJNL5D58,58,"German, English",28,Female,Asian,Germany,Germany,Germany,German,Yes,Other
6b7b59dad9c248564b1bac9b6e272716d646ad24c4d0ce4dd080cb0cb81c93c2,dde941419c8d52761955ae05e121052e7990402cd39a3364fa90ad093c7a3eaf,APPROVED,Not Applicable,2024-02-28T17:51:59.430000Z,2024-02-28T18:14:52.891000Z,2024-02-28T18:14:53.492000Z,2024-02-28T18:14:53.409934Z,1374.0,CJNL5D58,71,"English, German",24,Female,Mixed,Germany,Germany,Germany,German,Yes,Part-Time
6e05189a5e94654782c11a8c0e33aae401ef7bbf54fa0c6d22ce8047b5b68fc6,abfe1824a4b766aab6f46eaa16117199bc4d3b9592eef95c7484ebe111c9ae0c,APPROVED,Not Applicable,2024-02-28T17:55:12.737000Z,2024-02-28T18:31:07.155000Z,2024-02-28T18:31:07.739000Z,2024-02-28T18:31:07.668562Z,2155.0,CJNL5D58,769,"English, German",26,Male,Mixed,Germany,Germany,Germany,German,DATA_EXPIRED,DATA_EXPIRED
a5d7a6bd24aaabc27ef4ee782aec0392d367bebd0e3ed1693b7ea10b34f2a919,573c348ab3bbafb95b8e097103cbff300765b234c9d23f55617eab885e5d7edc,APPROVED,Not Applicable,2024-02-28T17:56:04.422000Z,2024-02-28T18:34:01.246000Z,2024-02-28T18:34:01.811000Z,2024-02-28T18:34:01.739053Z,2277.0,CJNL5D58,77,"English, German",50,Female,White,Germany,Germany,Germany,German,No,Part-Time
3468a6249773fa8f74319c4d4783808f89b9ffece17a027c17bc0bc22bd25cb9,5a98c287c1c2c3f228c6012b929a4ac34d815b0fa816d2571bbebbcb4bb2d068,APPROVED,Not Applicable,2024-02-28T17:57:19.771000Z,2024-02-28T18:27:56.082000Z,2024-02-28T18:27:56.646000Z,2024-02-28T18:27:56.581008Z,1837.0,CJNL5D58,55,"German, English",27,Male,Mixed,Germany,Germany,Germany,German,Yes,Full-Time
5013b0468974e677c04d94cb0f3019c227828349e00a491eb0abaf5a2edb468e,bac5bcc4b2904e6aceebfe314c617a5fd1c86b84757c771024c598a9555ed355,APPROVED,Not Applicable,2024-02-28T17:58:46.860000Z,2024-02-28T18:33:32.911000Z,2024-02-28T18:33:33.405000Z,2024-02-28T18:33:33.369467Z,2087.0,CJNL5D58,35,"English, German",22,Male,White,Germany,Germany,Germany,German,DATA_EXPIRED,Full-Time
73379e02b783a5076e32f62bdda53d88350909b27ea790bc044c419f45ce85d3,e5080b1c66895960a9c575826766c49e0c2f4f0e5124ef5abee479baa371222e,APPROVED,Not Applicable,2024-02-28T18:07:07.774000Z,2024-02-28T18:54:01.870000Z,2024-02-28T18:54:02.466000Z,2024-02-28T18:54:02.391092Z,2815.0,CJNL5D58,219,"English, German",30,Male,White,Germany,Germany,Germany,German,Yes,Full-Time
e30c0bacfb208ed0dee62e531fd3cac53a82cfb687ebc9528ea133389391b943,a984ef0eeee20b36bc2a5fa9ce3844b8cde26eac742a39644aba74a0bafedba3,APPROVED,Not Applicable,2024-02-28T18:04:19.520000Z,2024-02-28T18:31:16.807000Z,2024-02-28T18:31:17.357000Z,2024-02-28T18:31:17.289665Z,1618.0,CJNL5D58,134,"German, Turkish, English",37,Male,White,Turkey,Germany,Turkey,Turkish,Yes,Full-Time
4e4bb041a11474ce2de54a2d06a7b1fcf1e6d5bc5c49be89e0237cf06373b8ab,dc973f1c67a2a638b873c6dd25671597f198a632d98819f107ef88a0d1a5dd4c,APPROVED,Not Applicable,2024-02-28T18:07:02.408000Z,2024-02-28T18:41:35.655000Z,2024-02-28T18:41:36.243000Z,2024-02-28T18:41:36.173623Z,2074.0,CJNL5D58,1162,"English, German",43,Female,White,Germany,Germany,Germany,German,DATA_EXPIRED,DATA_EXPIRED
8450f222a2314a991d4228000dc11c492a367f359f282b98f0b40b26f1542e8c,9fa65d5edc8bc66d2f4dde8997a82dc07e2a9206710578813b6c6efb3be56c16,APPROVED,Not Applicable,2024-02-28T18:07:25.589000Z,2024-02-28T18:41:01.757000Z,2024-02-28T18:41:02.285000Z,2024-02-28T18:41:02.208606Z,2017.0,CJNL5D58,737,German,59,Male,White,Germany,Germany,Germany,German,DATA_EXPIRED,DATA_EXPIRED
1f4b4b20cf91469898a1980290afa203656f77603b278f68be3ac33ce4d811ef,07ea387d0ca386008806b616f2047504af08c5b2a477534762b987d352f3f139,APPROVED,Not Applicable,2024-02-28T18:10:05.328000Z,2024-02-28T18:36:04.626000Z,2024-02-28T18:36:05.204000Z,2024-02-28T18:36:05.123277Z,1560.0,CJNL5D58,636,"German, English",41,Male,White,Germany,Germany,Germany,German,No,DATA_EXPIRED
e0ef754943c3497e2d0cd5dade1046d8916221f25ab7a43c34b6ff8d6d4bf321,ee0e4e8cc91deaf69de9decc64bc13f20a512da7813be3692a118f92335a873a,APPROVED,Not Applicable,2024-02-28T18:12:02.239000Z,2024-02-28T18:37:02.294000Z,2024-02-28T18:37:02.944000Z,2024-02-28T18:37:02.859197Z,1501.0,CJNL5D58,151,"English, German",33,Male,White,Germany,Germany,Germany,German,No,Part-Time
2d0d11041f96fd7e967ba96d61569a360abec802eb6c7f16d8caaa89be94aa23,859a2815dad760a329c16c1f872be34e27d9abc0348cbdf638b70ffcdd4f773e,APPROVED,Not Applicable,2024-02-28T18:19:17.573000Z,2024-02-28T19:02:16.462000Z,2024-02-28T19:02:16.909000Z,2024-02-28T19:02:16.850136Z,2579.0,CJNL5D58,531,"English, German",32,Male,White,Germany,Germany,Germany,German,No,Full-Time
72a0e717dcfcd5cf4d81055dbcd37312539bd20fbed5650c6e31d64fc5b1bf29,78866eb680222232209a2a18390b98e30075ba37da49092abf6c215ec97038ed,APPROVED,Not Applicable,2024-02-28T18:15:57.376000Z,2024-02-28T18:36:55.258000Z,2024-02-28T18:36:55.763000Z,2024-02-28T18:36:55.680237Z,1258.0,CJNL5D58,964,"English, German",34,Female,White,Germany,Germany,Germany,German,No,Full-Time
44ce070b8efafbd13b2a3dfc3b5cb450d8d902f26f6da1f314db941b0f535b68,a9f7e796b20755003786bccf5bcf1f1b8a0ac22dbaebba6e00fa9d1e521dc536,APPROVED,Not Applicable,2024-02-28T18:14:58.423000Z,2024-02-28T18:32:42.900000Z,2024-02-28T18:32:43.463000Z,2024-02-28T18:32:43.388176Z,1065.0,CJNL5D58,261,"German, English",26,Male,White,Germany,Germany,Germany,German,Yes,Unemployed (and job seeking)
5e16d4e1ba05e831890e5bf1db63ca4fef297383c4fee252b83ad03f16b1701b,ce6ee549efefb217ca24c4a6d84d3503cfcb4ec4c21a08187348fbc2c3dea54d,APPROVED,Not Applicable,2024-02-28T18:15:38.338000Z,2024-02-28T18:59:48.408000Z,2024-02-28T18:59:49.072000Z,2024-02-28T18:59:49.006001Z,2651.0,CJNL5D58,399,"German, Croatian",33,Male,White,Germany,Germany,Croatia,German,No,Full-Time
939b839351e7534ecd86f05a25304d21f04a9070693c766cda548f6b43534996,ea4f6e0a9ec9312a198f08b657857591db78006a95a6edcce12d7616f646b5dc,APPROVED,Not Applicable,2024-02-28T18:19:21.561000Z,2024-02-28T19:13:07.629000Z,2024-02-28T19:13:08.159000Z,2024-02-28T19:13:08.093544Z,3227.0,CJNL5D58,43,"English, German, Turkish",21,Male,White,Azerbaijan,Germany,Azerbaijan,English,Yes,Unemployed (and job seeking)
a206b88c15c1bb8610580cfe4c833b33ed2852636d807331a47499409f93916a,0c7894b16a8fea4c1ab9134c3389cb65105aac2b92a0db299989dca00d38925e,APPROVED,Not Applicable,2024-02-28T18:23:28.548000Z,2024-02-28T18:57:23.488000Z,2024-02-28T18:57:24.011000Z,2024-02-28T18:57:23.922073Z,2035.0,CJNL5D58,82,"English, German, Spanish",27,Female,Mixed,Ecuador,Germany,Ecuador,Spanish,Yes,Part-Time
b0b8d7c8bf00544892bc74e84b52252ac31cdb7a60c43e30f96e2b12254ba358,c58164e78b38ba239dd2c314817c8d22f46a187e1903ec89591f178333ca8ac6,APPROVED,Not Applicable,2024-02-28T18:32:31.244000Z,2024-02-28T19:20:03.179000Z,2024-02-28T19:20:03.779000Z,2024-02-28T19:20:03.711235Z,2852.0,CJNL5D58,47,"English, French, German",25,Female,Asian,Mauritius,Germany,Mauritius,French,Yes,Part-Time
304b4dec7e5ac244f1549d184adb44844f0bc249716742fcc5688f0dbf08da86,d796ba796f85c3e19f3f6bdb7b73b4ec8d007150a1293a267396272ee4dbfedb,APPROVED,Not Applicable,2024-02-28T18:45:49.146000Z,2024-02-28T19:28:45.572000Z,2024-02-28T19:28:46.311000Z,2024-02-28T19:28:46.244647Z,2577.0,CJNL5D58,47,"English, German, Vietnamese",22,Male,Asian,Vietnam,Germany,Vietnam,Vietnamese,Yes,Unemployed (and job seeking)
affcf7cdbf7165024fe86231c79418826c5d6f67a5af05eb659911ac8b092b5b,1a4c2a40eb7aaaaf3520190cf5a37a1dd81de12b344f8930cc4860d7bde9d059,APPROVED,Not Applicable,2024-02-28T19:15:43.623000Z,2024-02-28T19:47:58.620000Z,2024-02-28T19:47:59.343000Z,2024-02-28T19:47:59.248156Z,1935.0,CJNL5D58,56,"Chinese, English, German",26,Male,Asian,China,Germany,China,Chinese,Yes,Unemployed (and job seeking)
2e92cbc413579d91a8741ec3dd0ec7ae7fe5fc65ef72ae74c859d13e769be743,e38982cdd603055bd93838fb6fb14d100b2785b98799defa23c46e68917ae3f0,APPROVED,Not Applicable,2024-02-28T19:30:41.200000Z,2024-02-28T19:59:41.418000Z,2024-02-28T19:59:42.142000Z,2024-02-28T19:59:42.060930Z,1741.0,CJNL5D58,150,"Albanian, English, German, Italian, Spanish",27,Male,White,Albania,Germany,Albania,Albanian,No,Full-Time
059edc0c2bd84e32128f666898554367792a70997942bc27b86271c3b23a6220,aada61400f0ee50fad7254e78805d54839d619aaa235ac9f736e7466713bc3da,RETURNED,Not Applicable,2024-02-28T16:19:02.071000Z,,,,,,175,CONSENT_REVOKED,CONSENT_REVOKED,CONSENT_REVOKED,CONSENT_REVOKED,CONSENT_REVOKED,CONSENT_REVOKED,CONSENT_REVOKED,CONSENT_REVOKED,CONSENT_REVOKED,CONSENT_REVOKED
0d2a81126e294e79f18dbb94547111c003e838a968896450e2c689d4ef36a151,59b9752d87009b4b36cdff58fd15bff5ece741ca79a55b3f27d29fa1577f8382,TIMED-OUT,Not Applicable,2024-02-28T16:47:01.696000Z,,,,5864281.0,,242,German,33,Male,White,Germany,Germany,Germany,German,No,Full-Time
7ef5afcb1bd653f63db9a02bab3aa4c165407da1f62b586f771aa87f17a56064,ce1bc503ce8f505addce43690e437e9c281bd7b0d46e414d865fd8887b3b1511,RETURNED,Not Applicable,2024-02-28T17:00:30.695000Z,,,,,,140,CONSENT_REVOKED,CONSENT_REVOKED,CONSENT_REVOKED,CONSENT_REVOKED,CONSENT_REVOKED,CONSENT_REVOKED,CONSENT_REVOKED,CONSENT_REVOKED,CONSENT_REVOKED,CONSENT_REVOKED
ba2ec3be7e02e6c5cb9076871817b5c433d0b89ceb3af8c5b1f6521126741e97,3bcfb2959f5e45b08f598c3dd94160199fa0739bfcf002a1381fee3c265ea412,TIMED-OUT,Not Applicable,2024-02-28T17:04:14.790000Z,,,,5863248.0,,150,"English, German, Turkish",46,Male,White,Turkey,Germany,Germany,Turkish,No,Full-Time
de173911eae32615e5fc4cd5c1af5f8d370eb6850b77b3a3b40c4ab2a411168a,496c2b3e78c2d3d80169da680be0a6e8ce3304b2a16434d685bfd99146230d17,RETURNED,Not Applicable,2024-02-28T17:04:20.860000Z,,,,,,273,CONSENT_REVOKED,CONSENT_REVOKED,CONSENT_REVOKED,CONSENT_REVOKED,CONSENT_REVOKED,CONSENT_REVOKED,CONSENT_REVOKED,CONSENT_REVOKED,CONSENT_REVOKED,CONSENT_REVOKED
fc16a02bfbb257e94b3db39190cf2a85c358d748f96d42ab217627d5de35a53e,7d094c0db438f5e2adb13456413e58d64345494eb543e160cd528f47a7195ad5,RETURNED,Not Applicable,2024-02-28T17:10:13.251000Z,,,,,,88,CONSENT_REVOKED,CONSENT_REVOKED,CONSENT_REVOKED,CONSENT_REVOKED,CONSENT_REVOKED,CONSENT_REVOKED,CONSENT_REVOKED,CONSENT_REVOKED,CONSENT_REVOKED,CONSENT_REVOKED
31d4c2978745fb9b83a78ebdd89612b727620501f6f2f7027e1bc03796d85308,d346260f16df541d8937100993485ec5618f6cab03ad8eeb63d0a8aa0be60247,RETURNED,Not Applicable,2024-02-28T17:13:33.527000Z,,,,,,547,CONSENT_REVOKED,CONSENT_REVOKED,CONSENT_REVOKED,CONSENT_REVOKED,CONSENT_REVOKED,CONSENT_REVOKED,CONSENT_REVOKED,CONSENT_REVOKED,CONSENT_REVOKED,CONSENT_REVOKED
1d4e61057596d4ec8a62c29262efabcdbcfa3f3abe865951e7c9150fd3726c02,cc9c947dc057e506d33424cf1ae13453f51fa818f70de5a2ea04006fff835a78,RETURNED,Not Applicable,2024-02-28T17:14:33.011000Z,,,,,,239,CONSENT_REVOKED,CONSENT_REVOKED,CONSENT_REVOKED,CONSENT_REVOKED,CONSENT_REVOKED,CONSENT_REVOKED,CONSENT_REVOKED,CONSENT_REVOKED,CONSENT_REVOKED,CONSENT_REVOKED
b7ceb5f94ca0ec0d5d326a150bf35ad15ef84378658146cc45eb90354029c932,8a5e1a4344b8f81b662bf6b86c11c4b18216eb34b7158b1bbcdbc3421c9ec82f,RETURNED,Not Applicable,2024-02-28T17:18:13.806000Z,,,,,,67,CONSENT_REVOKED,CONSENT_REVOKED,CONSENT_REVOKED,CONSENT_REVOKED,CONSENT_REVOKED,CONSENT_REVOKED,CONSENT_REVOKED,CONSENT_REVOKED,CONSENT_REVOKED,CONSENT_REVOKED
a4a650d6a0eebfbb3b9942066ebf37e904b3ca71ef574ac9ca41707ea4b65fbd,3353dbbfdb0122bd392f5af8394fc6ca5b81f70df3991c3698aec6b07ce34c7f,TIMED-OUT,Not Applicable,2024-02-28T17:31:38.738000Z,,,,5861605.0,,64,"Turkish, German",36,Male,White,Turkey,Germany,Turkey,Turkish,No,Full-Time
e1867e770c6faa8c8749cab7fd1f519d68080fa5ec111389322ddda94d43151a,43dd9d8658082eaf90c0bfc1f9809edcf940e7d2e0c49a850a10de92e1f19ebf,RETURNED,Not Applicable,2024-02-28T17:35:30.881000Z,,,,,,684,CONSENT_REVOKED,CONSENT_REVOKED,CONSENT_REVOKED,CONSENT_REVOKED,CONSENT_REVOKED,CONSENT_REVOKED,CONSENT_REVOKED,CONSENT_REVOKED,CONSENT_REVOKED,CONSENT_REVOKED
1fdd8251c589b885258433184e6aeef76776b82844f3f7e52284981d77b5b505,181bd1cb747156e107a731457f9d33222358825ff679f9fa4c8094214bb7b3c3,RETURNED,Not Applicable,2024-02-28T17:43:18.048000Z,,,,,,1148,CONSENT_REVOKED,CONSENT_REVOKED,CONSENT_REVOKED,CONSENT_REVOKED,CONSENT_REVOKED,CONSENT_REVOKED,CONSENT_REVOKED,CONSENT_REVOKED,CONSENT_REVOKED,CONSENT_REVOKED
c51b39fe36949bf228f3f934604d01ac6c1995ae01ba64ddb8e2da014bc76484,a1238f9f405b55496c56ea8517d368e0306671f1b2e01a362f0fc9cf33eb0386,TIMED-OUT,Not Applicable,2024-02-28T17:49:56.747000Z,,,,5860507.0,,19,"German, English, Turkish",38,Male,White,Turkey,Germany,Turkey,Turkish,DATA_EXPIRED,DATA_EXPIRED
8aee0cfe92acb0643e481362fd00bf4968434994516a6d8d9018d8a8f50875b8,ba7f1214b09d74cb7e513c4f20f48b484a51a54a156b37d434760b9ddd89d1f1,RETURNED,Not Applicable,2024-02-28T17:51:40.885000Z,,,,,,318,CONSENT_REVOKED,CONSENT_REVOKED,CONSENT_REVOKED,CONSENT_REVOKED,CONSENT_REVOKED,CONSENT_REVOKED,CONSENT_REVOKED,CONSENT_REVOKED,CONSENT_REVOKED,CONSENT_REVOKED
50780d57472cad0d9983dfe363cd8643ba8f408db8183c0662f099a4383571a1,948b8b7e4b43b73cb2d0f9b3ce347908f21f9f13033a13b0aa8504a4b8f6b2ed,RETURNED,Not Applicable,2024-02-28T17:52:22.819000Z,,,,,,1146,CONSENT_REVOKED,CONSENT_REVOKED,CONSENT_REVOKED,CONSENT_REVOKED,CONSENT_REVOKED,CONSENT_REVOKED,CONSENT_REVOKED,CONSENT_REVOKED,CONSENT_REVOKED,CONSENT_REVOKED
20d329b9f9e2105b9b2db80a5141f20f4e363adeddaaad2f5ca64de7d4f98f57,c91b328ca66060d5229749ec6155d52975098be32c44b5852c3046c7b687b7f0,RETURNED,Not Applicable,2024-02-28T18:03:35.885000Z,,,,,,189,CONSENT_REVOKED,CONSENT_REVOKED,CONSENT_REVOKED,CONSENT_REVOKED,CONSENT_REVOKED,CONSENT_REVOKED,CONSENT_REVOKED,CONSENT_REVOKED,CONSENT_REVOKED,CONSENT_REVOKED
6af30bac6937d59d8413a02466cbcd3a545ebdc20bd7f1603f41931fd070b14f,98742f26512cb6c21b9a8706ecdc938086bc9a9d26ea54cb0c901bdfaaf11108,RETURNED,Not Applicable,2024-02-28T18:19:00.044000Z,,,,,,90,CONSENT_REVOKED,CONSENT_REVOKED,CONSENT_REVOKED,CONSENT_REVOKED,CONSENT_REVOKED,CONSENT_REVOKED,CONSENT_REVOKED,CONSENT_REVOKED,CONSENT_REVOKED,CONSENT_REVOKED
fa76eaf2e6a1b1086e7d39c7ab55505f788e58ae09fecce42a4239b7e144f26d,6fa3926877214aaa64f62ace8b504cc016aedc5abe756c634fed2800470d95ab,RETURNED,Not Applicable,2024-02-28T18:12:07.164000Z,,,,,,220,CONSENT_REVOKED,CONSENT_REVOKED,CONSENT_REVOKED,CONSENT_REVOKED,CONSENT_REVOKED,CONSENT_REVOKED,CONSENT_REVOKED,CONSENT_REVOKED,CONSENT_REVOKED,CONSENT_REVOKED
9fb170e4051ebf179991519a96f13bbebda810d34018c4f9151523e095ebe3cb,024a666af148a21da14b44a5b177f1531941658f628b3b6317e4def30f7262c9,RETURNED,Not Applicable,2024-02-28T18:26:51.229000Z,2024-02-28T19:29:33.298000Z,,2024-02-28T19:29:34.175000Z,,NOCODE,47,CONSENT_REVOKED,CONSENT_REVOKED,CONSENT_REVOKED,CONSENT_REVOKED,CONSENT_REVOKED,CONSENT_REVOKED,CONSENT_REVOKED,CONSENT_REVOKED,CONSENT_REVOKED,CONSENT_REVOKED
33610123fe9cd31668c1ef55c27c4becbea94a0109ebc559fb40debb8f00503d,27ebf87ebdc343918f1f6099032061868eef9484d5947a66b4e106b80ef86416,RETURNED,Not Applicable,2024-02-28T16:48:13.600000Z,,,2024-05-06T13:45:01.783000Z,,,1417,CONSENT_REVOKED,CONSENT_REVOKED,CONSENT_REVOKED,CONSENT_REVOKED,CONSENT_REVOKED,CONSENT_REVOKED,CONSENT_REVOKED,CONSENT_REVOKED,CONSENT_REVOKED,CONSENT_REVOKED
